Employee_ID,Age,Gender,Education,Experience_Years,Department,Job_Level,Performance_Rating,Certifications,Overtime_Hours,Remote_Work,City,Company_Tenure,Projects_Completed,Skill_Score,Annual_Salary_LPA
EMP10001,59,Female,Diploma,35,Operations,Junior,5,10,7,No,Hyderabad,9,7,68,25.75
EMP10002,56,Male,Bachelor,28,Operations,Junior,3,5,52,no,Mumbai,14.5,12,79,22.39
EMP10003,58,Female,Diploma,36,IT,Junior,4,4,32,Yes,Pune,4.6,22,93,27.7
EMP10004,48,FEMALE,Bachelor,24,Finance,Manager,3,6,51,YES,Pune,8.9,3,86,39.47
EMP10005,27,male,Diploma,2,Operations,Mid,1,6,17,YES,Chennai,14.2,28,63,12.15
EMP10006,22,Male,Bachelor,0,Sales,Mid,4,6,43,no,Bangalore,7.4,15,84,17.61
EMP10007,34,male,Diploma,13,Sales,Senior,4,1,39,Yes,Delhi,11.3,30,55,22.78
EMP10008,49,Male,PhD,22,IT,Manager,2,9,43,YES,Chennai,14.1,30,85,43.93
EMP10009,34,Male,Master,7,HR,Manager,4,8,39,Yes,Mumbai,12.7,13,67,39.73
EMP10010,45,Male,Bachelor,21,IT,Senior,4,8,28,no,Pune,12,1,74,29.95
EMP10011,27,Female,Master,6,Operations,Lead,1,7,23,YES,Hyderabad,0.2,19,,29.65
EMP10012,25,Male,Master,3,Operations,Mid,2,8,27,No,Hyderabad,12.9,8,61,18.15
EMP10013,54,male,Bachelor,33,Finance,Mid,5,2,43,No,Chennai,9.6,27,84,29.08
EMP10014,34,male,Master,11,HR,Junior,1,4,25,no,Bangalore,3.5,14,88,18.27
EMP10015,47,male,Master,26,HR,Junior,2,9,59,No,Delhi,1.6,7,98,26.64
EMP10016,50,Female,PhD,25,Operations,Lead,5,10,28,YES,Chennai,3.4,7,100,38.38
EMP10017,,male,Bachelor,18,Operations,Mid,2,9,44,no,Delhi,4.4,21,55,19.44
EMP10018,40,FEMALE,PhD,14,HR,Senior,3,9,54,Yes,Pune,13.4,7,82,29.99
EMP10019,21,Female,Diploma,0,HR,Junior,3,8,51,no,Mumbai,5.3,3,88,10.26
EMP10020,57,FEMALE,Diploma,36,Finance,Lead,3,9,43,YES,Delhi,3.7,27,81,37.39
EMP10021,52,male,Diploma,24,Operations,Junior,1,3,48,YES,Delhi,1,26,61,19.39
EMP10022,57,FEMALE,Diploma,,Finance,Senior,1,10,48,Yes,Pune,14.6,28,72,30.56
EMP10023,57,Male,Master,29,HR,Manager,1,0,18,YES,Delhi,10.2,21,93,48.59
EMP10024,24,Male,Bachelor,0,Sales,Mid,3,7,58,YES,Pune,3.6,6,73,10.29
EMP10025,25,male,PhD,1,IT,Junior,2,5,21,No,Hyderabad,8,16,65,15.24
EMP10026,26,Male,Diploma,0,Marketing,Mid,5,2,19,no,Bangalore,4.9,4,68,13.36
EMP10027,46,FEMALE,Diploma,23,HR,Manager,3,3,31,No,Pune,1.4,9,82,115.32
EMP10028,21,Female,Master,,Marketing,Manager,4,8,24,No,Chennai,3.1,30,91,29.76
EMP10029,55,male,Master,28,Operations,Lead,4,9,47,no,Mumbai,8.3,28,98,41.09
EMP10030,32,Male,PhD,7,HR,Junior,5,10,54,YES,Pune,5.1,3,68,19.61
EMP10031,36,Female,Diploma,13,Marketing,Manager,4,7,53,Yes,Pune,11.7,24,60,35.74
EMP10032,45,Male,Diploma,,HR,Junior,1,1,45,YES,Bangalore,8.2,22,84,22.81
EMP10033,36,FEMALE,Diploma,,HR,Manager,1,3,32,No,Hyderabad,0.3,14,70,30.23
EMP10034,28,Female,Bachelor,1,Marketing,Manager,3,0,32,no,Chennai,8.1,27,100,29.44
EMP10035,42,FEMALE,PhD,15,IT,Mid,5,2,53,YES,Bangalore,13.6,27,83,30.6
EMP10036,,Male,PhD,28,Finance,Lead,7,2,3,Yes,Mumbai,0.4,17,66,37.99
EMP10037,48,Male,Diploma,22,Operations,Lead,5,4,5,No,Hyderabad,5.6,9,86,32
EMP10038,51,Female,Bachelor,28,Marketing,Mid,4,0,51,no,Chennai,4.4,21,81,29.02
EMP10039,43,Male,Bachelor,22,Finance,Senior,3,1,24,no,Pune,5.9,22,52,25.24
EMP10040,52,Male,Diploma,25,Operations,Junior,2,10,41,Yes,Delhi,13.2,17,89,22.76
EMP10041,53,FEMALE,Bachelor,32,Finance,Mid,3,5,47,No,Chennai,8.3,10,75,29.26
EMP10042,,Male,PhD,9,HR,Junior,2,6,56,no,Chennai,9.4,20,50,19.94
EMP10043,28,FEMALE,Master,0,Sales,Lead,4,2,22,No,Chennai,0.4,2,51,26.76
EMP10044,45,Male,Bachelor,23,HR,Senior,5,5,57,YES,Bangalore,12.9,17,91,29.47
EMP10045,26,Female,Diploma,0,Marketing,Junior,3,4,32,Yes,Chennai,12.4,28,93,11.49
EMP10046,26,Male,Diploma,1,IT,Mid,4,2,54,No,Delhi,2.1,16,62,13.25
EMP10047,50,Male,PhD,27,Marketing,Junior,1,7,18,Yes,Pune,6.6,23,75,30.11
EMP10048,21,male,PhD,0,Marketing,Manager,2,0,46,YES,Delhi,3.8,30,97,37.65
EMP10049,45,FEMALE,Bachelor,17,HR,Senior,5,4,0,No,Hyderabad,14.3,7,54,22.27
EMP10050,32,Male,Master,10,Sales,Lead,3,4,21,no,Bangalore,0.2,14,77,33.7
EMP10051,25,male,Diploma,0,Marketing,Junior,1,3,4,No,Pune,7.1,26,75,2.99
EMP10052,53,male,Master,27,HR,Junior,5,6,57,No,Hyderabad,9.2,5,85,24.43
EMP10053,54,Male,PhD,30,Operations,Manager,2,9,18,YES,Hyderabad,7.5,1,54,48.09
EMP10054,36,Male,Diploma,9,Sales,Mid,2,0,27,No,Bangalore,8.8,27,69,19.14
EMP10055,44,male,Master,20,Marketing,Senior,2,2,59,No,Pune,1.9,29,100,32.27
EMP10056,21,Male,Master,,Finance,Manager,2,10,43,Yes,Hyderabad,4.1,12,80,34.53
EMP10057,22,male,PhD,0,IT,Senior,3,1,34,No,Bangalore,5,26,57,25.84
EMP10058,54,FEMALE,Master,31,Operations,Mid,1,6,3,Yes,Chennai,10.4,18,94,29.5
EMP10059,31,Male,Diploma,6,Operations,Junior,4,8,20,YES,Pune,14.5,4,59,14.76
EMP10060,55,male,Bachelor,34,HR,Lead,3,3,17,YES,Bangalore,3.8,24,72,35.38
EMP10061,52,Female,Diploma,27,HR,Senior,4,0,54,Yes,Mumbai,11.3,25,,32.2
EMP10062,42,Female,Master,17,Finance,Manager,3,2,48,No,Delhi,0.8,29,90,40.82
EMP10063,39,Female,Bachelor,15,Finance,Mid,1,6,27,YES,Bangalore,14.3,20,68,19.15
EMP10064,25,Male,PhD,2,Sales,Mid,4,8,51,no,Pune,10.1,4,72,20.35
EMP10065,36,FEMALE,Diploma,15,HR,Lead,5,4,41,YES,Pune,14.6,14,80,32.77
EMP10066,,Female,Master,11,HR,Mid,2,9,43,no,Bangalore,13,6,56,20.92
EMP10067,33,male,Master,5,IT,Senior,2,8,49,no,Hyderabad,13.4,2,,17.63
EMP10068,28,Female,Master,0,IT,Junior,5,0,21,YES,Hyderabad,12.2,7,74,12.91
EMP10069,24,male,Diploma,0,Marketing,Junior,4,2,60,YES,Chennai,5.7,7,76,7.3
EMP10070,23,FEMALE,PhD,0,Marketing,Manager,5,1,27,No,Bangalore,8.6,20,,32.81
EMP10071,28,Male,Master,3,Operations,Junior,1,6,0,No,Chennai,10.2,28,98,17.01
EMP10072,26,male,Master,4,IT,Lead,4,4,15,YES,Mumbai,7.9,11,86,26.27
EMP10073,56,FEMALE,Diploma,33,Marketing,Senior,3,3,56,YES,Hyderabad,7.8,9,98,31.18
EMP10074,23,Female,PhD,0,Marketing,Senior,1,10,11,no,Pune,14.4,16,57,26.57
EMP10075,58,male,PhD,34,Marketing,Mid,4,4,7,no,Delhi,2.5,4,75,31.54
EMP10076,48,FEMALE,Diploma,24,Sales,Senior,5,8,35,YES,Pune,14.8,22,66,27.59
EMP10077,29,Female,PhD,8,Finance,Lead,5,3,12,no,Mumbai,10.3,29,62,30.29
EMP10078,50,male,Bachelor,28,Sales,Junior,3,4,54,Yes,Delhi,6.2,22,50,26.79
EMP10079,38,Female,Bachelor,10,HR,Senior,1,10,20,Yes,Pune,11.2,25,71,24.43
EMP10080,53,Male,Diploma,31,Finance,Mid,1,2,0,no,Delhi,0.2,23,55,27.27
EMP10081,48,FEMALE,PhD,27,HR,Manager,5,4,37,no,Mumbai,13.7,23,86,50.47
EMP10082,39,Male,PhD,18,HR,Mid,5,8,45,Yes,Mumbai,3.8,13,62,29.68
EMP10083,,FEMALE,PhD,0,HR,Mid,1,0,39,Yes,Mumbai,9.3,28,80,20.05
EMP10084,54,FEMALE,Bachelor,28,Finance,Junior,3,10,49,YES,Pune,12.8,22,93,25.29
EMP10085,25,FEMALE,PhD,0,Operations,Manager,3,8,16,no,Delhi,2,15,72,36.3
EMP10086,22,Female,Bachelor,0,Finance,Lead,3,6,37,YES,Hyderabad,9.3,2,87,26.25
EMP10087,54,Male,PhD,32,Sales,Mid,3,2,33,YES,Chennai,5.2,6,82,32.24
EMP10088,37,Male,Bachelor,12,Sales,Senior,5,3,9,No,Hyderabad,13.9,10,66,26.12
EMP10089,40,Female,Bachelor,12,Finance,Mid,5,1,5,No,Mumbai,7.4,13,92,17.25
EMP10090,43,FEMALE,Diploma,16,Finance,Lead,3,5,15,no,Hyderabad,9.6,8,53,28.8
EMP10091,45,Male,Diploma,22,Finance,Mid,3,10,28,no,Chennai,14.6,29,100,24.44
EMP10092,41,FEMALE,PhD,15,Sales,Junior,1,4,40,no,Hyderabad,5.3,14,83,21.8
EMP10093,34,FEMALE,Bachelor,12,HR,Lead,5,10,8,no,Hyderabad,1.4,15,,32.11
EMP10094,55,FEMALE,Diploma,30,Sales,Lead,4,7,21,No,Mumbai,3.5,28,72,35.48
EMP10095,34,Male,PhD,6,Marketing,Mid,2,9,13,no,Delhi,2.2,19,56,23.63
EMP10096,38,Female,Diploma,16,Operations,Junior,3,2,14,no,Chennai,1.6,23,86,18.55
EMP10097,48,male,Bachelor,26,Sales,Junior,1,0,38,No,Chennai,1.3,30,93,22.62
EMP10098,45,male,PhD,,Sales,Senior,2,2,40,no,Chennai,7.5,15,85,30.42
EMP10099,42,Male,Master,20,Finance,Junior,1,2,41,YES,Bangalore,4.3,6,75,17.86
EMP10100,26,Male,Bachelor,1,Operations,Junior,1,0,52,No,Bangalore,1.5,6,55,9.77
EMP10101,24,Female,Bachelor,0,Marketing,Junior,3,7,54,No,Pune,12.6,3,100,14.14
EMP10102,35,FEMALE,PhD,9,Marketing,Junior,1,7,37,YES,Pune,10,25,51,20.01
EMP10103,35,Male,Master,,Marketing,Mid,2,2,44,No,Delhi,11.5,6,75,18.91
EMP10104,53,male,Master,29,Marketing,Junior,1,0,25,no,Bangalore,11.5,6,86,21.43
EMP10105,31,Female,PhD,4,IT,Mid,4,10,2,Yes,Delhi,0.8,18,59,25.97
EMP10106,22,Male,Master,0,IT,Manager,2,3,0,YES,Delhi,2.1,9,66,33.89
EMP10107,29,male,PhD,6,IT,Senior,3,0,4,Yes,Delhi,12.5,12,99,27.39
EMP10108,29,male,PhD,7,IT,Lead,4,2,34,no,Chennai,13.9,22,78,31.14
EMP10109,28,male,Bachelor,5,HR,Lead,1,4,13,no,Mumbai,12,3,70,22.61
EMP10110,34,male,PhD,12,Operations,Lead,4,8,44,YES,Delhi,8.8,18,89,34.66
EMP10111,28,Female,Bachelor,1,Sales,Junior,3,5,32,no,Chennai,11.2,15,82,13.17
EMP10112,22,male,PhD,0,IT,Senior,5,7,39,No,Chennai,9.4,19,55,23.39
EMP10113,26,male,PhD,3,Sales,Mid,3,7,41,YES,Hyderabad,2.1,15,96,23.89
EMP10114,59,Female,Master,36,IT,Manager,4,5,56,Yes,Delhi,4.7,5,76,52
EMP10115,53,Female,Bachelor,27,Finance,Lead,4,5,1,no,Delhi,11.4,27,59,38.23
EMP10116,51,male,PhD,24,IT,Lead,4,7,51,No,Bangalore,6,29,57,39.18
EMP10117,25,male,PhD,0,Sales,Mid,4,1,26,no,Mumbai,9.6,19,85,16.94
EMP10118,25,male,Master,1,Operations,Lead,3,9,39,YES,Delhi,8.8,8,,26.64
EMP10119,46,Female,PhD,,Sales,Senior,3,9,12,Yes,Hyderabad,2.1,18,74,35.29
EMP10120,32,Female,Bachelor,8,IT,Senior,4,3,4,No,Mumbai,13.8,8,91,20.77
EMP10121,48,male,Bachelor,21,Sales,Lead,2,8,53,Yes,Mumbai,1.2,14,89,33.39
EMP10122,46,Female,Bachelor,20,HR,Senior,4,5,22,YES,Hyderabad,13.8,22,100,29.12
EMP10123,,Male,Diploma,,HR,Manager,1,4,8,Yes,Hyderabad,3.1,25,75,30.05
EMP10124,45,Male,Master,23,Operations,Mid,3,5,1,Yes,Chennai,7,27,83,25.13
EMP10125,47,male,Master,26,Finance,Lead,3,10,43,No,Chennai,13.7,22,73,36.3
EMP10126,44,Male,Diploma,23,Finance,Senior,1,10,21,no,Bangalore,3.3,18,70,27.69
EMP10127,27,Male,PhD,6,Marketing,Junior,4,8,48,No,Mumbai,8.4,22,77,18.24
EMP10128,27,Female,Bachelor,6,Sales,Manager,5,6,50,Yes,Bangalore,3.1,19,81,34.21
EMP10129,50,Female,PhD,25,Marketing,Manager,1,7,18,no,Delhi,1,14,100,49.76
EMP10130,48,FEMALE,PhD,27,Sales,Lead,2,5,50,YES,Delhi,2.3,1,57,32.93
EMP10131,49,Female,Diploma,22,Operations,Manager,3,9,9,No,Bangalore,13.5,2,82,39.52
EMP10132,21,Female,Master,0,HR,Junior,3,7,22,Yes,Pune,10.1,29,57,16.59
EMP10133,57,FEMALE,Bachelor,34,Finance,Junior,3,0,27,YES,Chennai,3.6,2,,27.18
EMP10134,36,male,Diploma,12,Sales,Mid,4,4,53,no,Mumbai,3.1,23,97,18.3
EMP10135,38,Female,Diploma,11,Sales,Mid,2,6,32,no,Mumbai,3.1,19,97,19.72
EMP10136,38,Female,Diploma,16,HR,Manager,1,4,19,YES,Mumbai,5,2,52,29.05
EMP10137,43,male,Bachelor,16,IT,Junior,4,3,4,YES,Pune,5.2,30,58,15.51
EMP10138,42,male,PhD,18,Finance,Junior,1,9,29,no,Mumbai,7.3,14,72,70.26
EMP10139,52,FEMALE,Master,31,Marketing,Manager,2,2,16,Yes,Chennai,4,8,51,40.01
EMP10140,42,male,Diploma,,Operations,Lead,4,9,57,Yes,Hyderabad,13.5,2,72,31.54
EMP10141,57,Male,Diploma,34,Operations,Mid,2,4,41,YES,Delhi,8.6,6,83,31.19
EMP10142,32,FEMALE,Diploma,5,Finance,Mid,5,9,21,YES,Delhi,2.1,25,80,18.86
EMP10143,26,FEMALE,Bachelor,3,Finance,Manager,2,8,52,Yes,Mumbai,2.6,13,66,26.81
EMP10144,22,male,PhD,0,Finance,Senior,3,0,50,Yes,Hyderabad,1.4,19,75,20.51
EMP10145,49,FEMALE,Bachelor,24,Finance,Senior,3,7,10,YES,Mumbai,5.3,17,88,31.83
EMP10146,44,Male,PhD,18,IT,Manager,5,7,32,YES,Chennai,4,15,69,43.72
EMP10147,39,Male,Master,,IT,Senior,4,10,16,no,Chennai,7.4,13,92,32.26
EMP10148,,male,PhD,8,HR,Junior,1,0,24,no,Delhi,10.6,8,91,17.64
EMP10149,45,Female,PhD,18,HR,Junior,3,2,49,YES,Hyderabad,12,12,100,26.71
EMP10150,39,Female,PhD,14,IT,Lead,4,10,58,No,Bangalore,14.4,17,59,32.26
EMP10151,32,FEMALE,Master,6,IT,Manager,3,7,30,Yes,Delhi,12.1,23,,37.68
EMP10152,45,Female,Bachelor,23,Finance,Junior,1,10,25,no,Bangalore,0.8,26,96,25.26
EMP10153,52,FEMALE,Master,30,Operations,Manager,1,6,25,no,Hyderabad,8.5,26,56,45.26
EMP10154,,Female,PhD,18,Finance,Mid,2,3,38,no,Delhi,6.8,27,91,28.53
EMP10155,59,Female,Bachelor,38,Marketing,Manager,3,1,2,Yes,Mumbai,10.4,8,75,44.95
EMP10156,35,male,Master,7,Sales,Lead,1,3,28,Yes,Delhi,9.9,13,67,27.37
EMP10157,53,FEMALE,Master,25,Marketing,Senior,5,9,43,No,Delhi,3.5,23,84,34.66
EMP10158,52,male,PhD,24,Finance,Manager,3,10,38,no,Hyderabad,0.1,29,98,50.98
EMP10159,49,Female,PhD,23,HR,Senior,5,8,15,no,Mumbai,13.1,15,59,33.75
EMP10160,40,FEMALE,Bachelor,15,IT,Lead,1,0,2,no,Hyderabad,7,24,,28.43
EMP10161,24,Female,PhD,2,Finance,Mid,5,8,47,YES,Bangalore,0.3,14,64,17.18
EMP10162,44,FEMALE,Diploma,20,IT,Lead,4,10,57,Yes,Delhi,12,5,92,29.71
EMP10163,26,Male,Bachelor,0,Operations,Lead,3,1,24,no,Pune,11.2,4,57,21.3
EMP10164,30,FEMALE,Master,7,Marketing,Senior,2,8,25,Yes,Mumbai,0.6,26,52,24.47
EMP10165,26,FEMALE,Master,1,Finance,Manager,5,5,46,Yes,Hyderabad,3.2,9,84,34.12
EMP10166,55,male,Diploma,,Operations,Mid,2,0,23,No,Mumbai,13.5,3,87,30.92
EMP10167,33,Male,Diploma,5,IT,Lead,5,8,8,no,Mumbai,13.4,5,83,20.33
EMP10168,,male,Bachelor,23,IT,Senior,1,2,24,Yes,Bangalore,12.8,10,58,24.58
EMP10169,35,Female,Master,7,Sales,Senior,1,4,10,No,Chennai,1.3,24,64,23.07
EMP10170,57,Female,PhD,33,Operations,Manager,5,4,12,No,Pune,12.8,8,94,49.34
EMP10171,52,Female,Diploma,26,Finance,Manager,5,2,57,no,Delhi,8.6,8,83,124.92
EMP10172,53,male,Bachelor,27,Finance,Mid,3,7,27,no,Mumbai,12.8,27,97,29.71
EMP10173,33,Female,Master,10,Finance,Junior,5,8,52,Yes,Hyderabad,10.2,27,87,21.46
EMP10174,51,FEMALE,PhD,24,Marketing,Senior,2,9,31,YES,Hyderabad,5,30,88,36.48
EMP10175,51,FEMALE,PhD,29,HR,Senior,4,1,13,Yes,Chennai,11.3,12,88,38.18
EMP10176,51,male,Bachelor,29,Marketing,Lead,4,7,44,YES,Hyderabad,11.7,6,68,32.48
EMP10177,50,Male,Diploma,,Sales,Lead,2,8,31,no,Bangalore,12.6,28,64,32.92
EMP10178,24,Female,Master,1,Marketing,Mid,1,5,16,No,Hyderabad,8.7,1,71,15.86
EMP10179,46,Male,Master,18,Operations,Mid,3,1,49,YES,Bangalore,14.9,15,78,28.25
EMP10180,32,Female,PhD,5,Marketing,Junior,5,10,32,Yes,Hyderabad,4.9,15,81,19.38
EMP10181,31,Female,Master,9,Operations,Senior,2,1,45,No,Chennai,7,4,66,24.81
EMP10182,,male,Bachelor,7,Sales,Manager,2,3,21,No,Delhi,2,3,,30.81
EMP10183,48,male,Master,23,Sales,Lead,5,4,58,Yes,Mumbai,14.5,19,54,35.49
EMP10184,58,FEMALE,PhD,31,HR,Junior,2,2,48,YES,Pune,9.8,12,67,29.48
EMP10185,35,Male,Diploma,11,IT,Lead,3,7,59,no,Hyderabad,2.8,17,78,28.72
EMP10186,27,male,Master,4,Marketing,Senior,5,4,23,Yes,Chennai,13.8,3,69,23.1
EMP10187,35,male,Bachelor,14,IT,Lead,1,3,35,No,Delhi,8.4,16,71,25.55
EMP10188,44,FEMALE,Diploma,16,Operations,Lead,3,0,7,Yes,Hyderabad,7,30,67,29.8
EMP10189,,FEMALE,Bachelor,25,IT,Junior,3,8,32,Yes,Hyderabad,14.3,9,57,23.76
EMP10190,37,FEMALE,Diploma,,Marketing,Mid,1,5,21,no,Pune,3.2,1,59,17.41
EMP10191,52,Female,Master,30,Finance,Manager,4,0,1,no,Delhi,8,9,62,40.57
EMP10192,58,male,Diploma,31,Marketing,Lead,2,9,49,Yes,Chennai,12.3,10,,34.44
EMP10193,31,Female,Master,6,Finance,Mid,3,10,5,YES,Chennai,8.9,9,88,17.48
EMP10194,32,male,Diploma,4,Marketing,Senior,2,3,46,Yes,Mumbai,12.2,7,60,17.92
EMP10195,40,FEMALE,PhD,12,HR,Senior,4,5,57,Yes,Bangalore,11.8,3,90,28.9
EMP10196,38,male,Bachelor,12,IT,Manager,4,6,11,No,Bangalore,2.4,13,100,34.49
EMP10197,39,Female,Bachelor,12,HR,Manager,4,7,28,No,Bangalore,11.8,23,,42.69
EMP10198,38,Male,Bachelor,15,HR,Senior,5,7,40,YES,Delhi,7.4,28,59,26.35
EMP10199,55,Female,Bachelor,30,Marketing,Mid,5,5,14,Yes,Hyderabad,3.9,12,98,30.79
EMP10200,44,Female,Diploma,20,IT,Mid,5,3,27,YES,Hyderabad,5.6,20,73,23.56
EMP10201,52,Female,Diploma,31,Sales,Mid,4,9,52,no,Bangalore,5.9,4,51,27.98
EMP10202,59,male,Diploma,37,Finance,Junior,3,2,57,Yes,Chennai,13.7,12,52,25.02
EMP10203,38,Male,PhD,10,HR,Manager,5,0,34,YES,Delhi,11.6,4,97,42.71
EMP10204,34,FEMALE,PhD,8,IT,Junior,2,6,36,no,Chennai,12.8,13,90,23.37
EMP10205,34,Male,Diploma,6,Operations,Lead,1,3,1,Yes,Chennai,1.4,17,74,20.8
EMP10206,,Female,Master,4,HR,Manager,4,6,46,YES,Bangalore,3.5,10,,34.52
EMP10207,34,male,Master,6,Marketing,Lead,2,9,11,no,Delhi,12.4,1,54,27.64
EMP10208,21,Female,PhD,0,Operations,Junior,4,8,42,no,Bangalore,11,5,61,13.12
EMP10209,,FEMALE,PhD,36,Finance,Mid,1,7,43,no,Hyderabad,6.7,15,64,38.02
EMP10210,40,male,PhD,18,Sales,Junior,2,8,36,YES,Chennai,14,29,50,29.18
EMP10211,55,Male,Master,29,Operations,Mid,5,4,58,Yes,Chennai,4.7,17,100,33.71
EMP10212,51,male,Diploma,23,Finance,Junior,3,1,22,No,Bangalore,10,20,72,20.19
EMP10213,36,male,Diploma,14,Marketing,Manager,2,6,7,Yes,Delhi,14.5,1,57,30.66
EMP10214,42,Male,PhD,15,Operations,Senior,2,0,54,YES,Chennai,14.7,11,59,26.68
EMP10215,50,Female,Master,28,IT,Senior,2,0,25,No,Delhi,13,8,98,35.03
EMP10216,39,male,PhD,12,IT,Mid,5,4,40,Yes,Hyderabad,1.6,28,51,27.54
EMP10217,26,Male,Master,0,HR,Manager,1,0,40,YES,Chennai,14.9,13,58,28.35
EMP10218,31,male,Diploma,7,Sales,Mid,2,5,45,YES,Mumbai,13.9,19,55,13.55
EMP10219,54,FEMALE,Master,32,HR,Junior,5,8,22,Yes,Pune,6.5,11,50,27.71
EMP10220,45,Female,Bachelor,20,IT,Junior,1,9,6,no,Mumbai,8.5,19,78,19.11
EMP10221,45,male,PhD,24,Sales,Lead,1,0,34,YES,Pune,3.4,26,60,41.11
EMP10222,30,Male,Master,8,Marketing,Manager,1,2,20,No,Bangalore,13,16,51,34.67
EMP10223,,Male,Bachelor,2,IT,Manager,5,9,24,YES,Mumbai,5.7,2,97,34.3
EMP10224,35,FEMALE,PhD,,Finance,Lead,2,10,42,no,Delhi,0.3,23,92,41.14
EMP10225,36,male,Master,9,Marketing,Mid,5,8,35,no,Bangalore,13.9,15,53,20.24
EMP10226,54,FEMALE,Diploma,28,Operations,Senior,5,3,47,YES,Mumbai,7.8,14,76,30.68
EMP10227,49,Male,Diploma,22,Finance,Mid,4,2,7,Yes,Delhi,4.7,4,79,19.74
EMP10228,24,male,Bachelor,2,HR,Senior,1,10,6,YES,Pune,10.2,10,88,22.01
EMP10229,33,FEMALE,Master,6,IT,Junior,1,9,60,No,Chennai,3.8,4,,17.92
EMP10230,21,Female,Bachelor,0,Marketing,Lead,5,9,46,YES,Mumbai,14.3,23,71,25.32
EMP10231,41,FEMALE,Diploma,15,Operations,Lead,4,8,25,Yes,Bangalore,3.2,10,73,31.07
EMP10232,28,FEMALE,PhD,,Sales,Junior,1,9,26,no,Delhi,11.7,18,73,16.19
EMP10233,39,Male,PhD,15,IT,Senior,4,6,9,YES,Chennai,12.1,19,85,31.36
EMP10234,25,male,Bachelor,0,Finance,Manager,1,2,43,Yes,Mumbai,12.9,23,70,26.49
EMP10235,37,FEMALE,PhD,11,HR,Junior,5,2,27,Yes,Chennai,3.1,11,59,21.95
EMP10236,45,Female,PhD,23,Operations,Senior,3,6,20,YES,Hyderabad,10.1,10,88,31.86
EMP10237,31,Male,Bachelor,4,Marketing,Junior,4,2,3,No,Mumbai,10.9,10,81,37.38
EMP10238,57,Female,Master,36,Operations,Senior,4,2,8,No,Mumbai,4.9,27,55,36.01
EMP10239,59,Female,Diploma,35,Sales,Mid,5,0,59,No,Pune,1,5,93,28.95
EMP10240,58,FEMALE,Diploma,30,Operations,Mid,2,2,53,no,Chennai,3.5,26,52,21.65
EMP10241,42,Male,Master,16,HR,Senior,2,6,43,no,Chennai,9.9,17,84,27.86
EMP10242,28,Male,PhD,2,Sales,Senior,4,9,35,YES,Delhi,14.4,29,80,30.49
EMP10243,36,Male,Diploma,,Finance,Senior,1,6,15,Yes,Chennai,0,16,61,21.63
EMP10244,50,Male,Master,25,IT,Senior,4,2,39,no,Mumbai,0.3,20,89,33.72
EMP10245,150,Male,PhD,0,Marketing,Manager,5,3,5,no,Mumbai,3.9,8,88,35.81
EMP10246,32,Female,Bachelor,6,Marketing,Senior,4,1,60,Yes,Chennai,0.5,1,72,21.68
EMP10247,22,Male,PhD,1,Sales,Junior,5,1,26,No,Mumbai,3.6,1,60,13.96
EMP10248,,FEMALE,Diploma,22,Operations,Mid,2,6,5,No,Chennai,13.8,11,64,23.03
EMP10249,42,FEMALE,Master,18,Sales,Senior,5,3,41,YES,Chennai,7.5,17,91,34.59
EMP10250,50,Male,Diploma,22,IT,Senior,2,5,2,no,Hyderabad,11.9,20,63,27.24
EMP10251,29,Female,Master,2,Operations,Senior,5,2,1,YES,Mumbai,2.3,3,67,20.44
EMP10252,30,male,Diploma,9,Operations,Manager,2,8,60,YES,Pune,12.9,4,80,32.4
EMP10253,34,Male,PhD,13,Marketing,Mid,5,3,2,YES,Mumbai,14.3,6,74,23.46
EMP10254,41,Male,PhD,19,HR,Senior,4,8,14,no,Mumbai,14.4,28,61,33.99
EMP10255,52,Female,Master,24,Sales,Junior,4,3,17,No,Hyderabad,4.2,6,81,25.16
EMP10256,-4,Female,Master,20,HR,Lead,3,4,18,No,Pune,2.9,25,51,31.27
EMP10257,31,Male,Diploma,9,IT,Senior,5,7,14,YES,Delhi,14.8,19,58,19.83
EMP10258,36,Female,Bachelor,8,Finance,Manager,4,0,3,No,Pune,9.5,8,66,31
EMP10259,57,male,Bachelor,30,IT,Lead,4,3,28,No,Chennai,9.4,28,87,36.81
EMP10260,55,FEMALE,PhD,28,Sales,Manager,3,5,13,No,Mumbai,2.7,29,71,47.71
EMP10261,25,male,Bachelor,0,Finance,Senior,2,10,20,no,Pune,0.3,15,70,17.81
EMP10262,,FEMALE,PhD,34,Finance,Senior,1,4,25,No,Delhi,3.6,21,67,38.85
EMP10263,57,Male,Bachelor,32,HR,Manager,4,0,34,no,Hyderabad,4,11,70,40.49
EMP10264,38,Male,Master,10,IT,Manager,3,8,28,YES,Mumbai,5.9,6,91,36.85
EMP10265,41,Female,Diploma,19,Sales,Mid,5,0,40,no,Chennai,1.5,24,58,20.3
EMP10266,41,Male,Diploma,17,Finance,Mid,3,6,33,no,Hyderabad,5.8,22,57,19.2
EMP10267,35,Female,Diploma,14,Marketing,Lead,4,6,23,no,Hyderabad,13.2,5,81,27.98
EMP10268,28,male,Diploma,3,HR,Senior,1,6,42,Yes,Bangalore,9.9,19,73,18.2
EMP10269,55,male,Master,27,HR,Mid,1,4,19,no,Bangalore,11.1,26,80,27.14
EMP10270,35,Male,Bachelor,12,Finance,Lead,3,2,42,Yes,Delhi,6.2,5,79,25.29
EMP10271,52,FEMALE,Diploma,24,HR,Senior,2,5,46,Yes,Pune,1.2,28,66,29.59
EMP10272,45,Male,Master,24,Sales,Mid,2,1,2,No,Bangalore,1.8,30,53,24.75
EMP10273,34,Male,PhD,13,Finance,Manager,1,8,57,no,Bangalore,7.2,18,59,38.33
EMP10274,22,Female,Diploma,0,Marketing,Manager,5,4,31,YES,Pune,11.2,28,83,31.55
EMP10275,31,Female,PhD,9,Marketing,Junior,1,7,17,no,Hyderabad,3.4,25,89,18.52
EMP10276,45,Male,Bachelor,23,Marketing,Junior,4,3,20,Yes,Hyderabad,10.1,19,95,19.61
EMP10277,41,FEMALE,PhD,18,IT,Lead,2,6,38,YES,Mumbai,12.7,9,96,39.04
EMP10278,41,male,Master,15,Sales,Junior,4,10,21,No,Bangalore,11.3,25,71,20.58
EMP10279,48,Female,Diploma,23,Operations,Manager,5,1,1,Yes,Hyderabad,2,15,76,38.01
EMP10280,43,Female,Master,15,Sales,Manager,4,5,42,no,Mumbai,11.4,1,52,37.32
EMP10281,39,FEMALE,PhD,12,HR,Mid,5,6,43,Yes,Bangalore,9.5,5,96,26.8
EMP10282,28,Male,Master,7,IT,Mid,4,4,2,YES,Pune,14.9,8,84,17.54
EMP10283,52,FEMALE,Master,24,Finance,Manager,2,1,42,YES,Delhi,4.7,21,95,40.67
EMP10284,33,Male,Diploma,12,Sales,Mid,4,3,21,YES,Hyderabad,12.7,26,61,18.97
EMP10285,37,FEMALE,Master,11,Sales,Junior,1,1,52,no,Chennai,5.5,11,65,15.35
EMP10286,39,FEMALE,PhD,14,HR,Senior,2,3,46,YES,Chennai,6.7,20,59,27.04
EMP10287,44,Male,Master,18,Operations,Junior,3,9,36,no,Chennai,9.9,22,89,23.08
EMP10288,40,Male,Bachelor,19,Sales,Manager,4,2,23,Yes,Hyderabad,1.6,26,53,36.75
EMP10289,,FEMALE,Master,22,Sales,Senior,2,2,30,No,Chennai,0.3,19,98,29.38
EMP10290,44,male,PhD,19,Finance,Senior,4,9,37,no,Bangalore,3.1,4,68,32.74
EMP10291,56,FEMALE,Master,30,IT,Junior,1,6,32,YES,Mumbai,1.3,20,98,31.44
EMP10292,31,FEMALE,Bachelor,,HR,Junior,4,5,44,Yes,Delhi,2.6,6,53,15.72
EMP10293,40,male,Bachelor,12,HR,Junior,3,5,46,YES,Mumbai,12.6,11,88,21.28
EMP10294,30,Female,PhD,8,IT,Manager,3,10,48,no,Delhi,8.8,22,94,43.94
EMP10295,26,Female,Master,5,Finance,Senior,3,2,52,YES,Bangalore,0.8,3,95,21.43
EMP10296,57,Female,PhD,33,Operations,Senior,1,4,9,Yes,Hyderabad,14.1,4,55,32.94
EMP10297,46,FEMALE,Diploma,22,Finance,Mid,2,2,0,Yes,Delhi,11.7,4,55,19.03
EMP10298,40,Female,Master,12,Operations,Senior,1,3,20,YES,Chennai,1,12,91,23.71
EMP10299,50,Male,PhD,24,IT,Mid,4,6,34,no,Pune,4.1,14,59,31.77
EMP10300,45,male,Bachelor,20,IT,Lead,4,8,44,YES,Mumbai,12.8,11,69,31.25
EMP10301,,male,Diploma,16,Marketing,Manager,3,8,20,No,Hyderabad,8,1,76,35.8
EMP10302,38,Male,Bachelor,10,Marketing,Senior,3,3,23,No,Pune,8.4,7,70,21.29
EMP10303,46,male,Bachelor,22,Finance,Mid,1,4,57,YES,Bangalore,14.7,5,52,19.81
EMP10304,39,Male,PhD,16,HR,Manager,1,4,11,Yes,Delhi,5.2,9,82,42.13
EMP10305,24,FEMALE,Master,0,Operations,Lead,2,8,6,no,Mumbai,10.3,1,66,26.2
EMP10306,59,male,PhD,33,IT,Manager,1,0,33,Yes,Pune,1.2,6,83,43.09
EMP10307,21,male,PhD,0,Operations,Lead,5,4,1,No,Delhi,10,25,51,31.8
EMP10308,32,Male,Bachelor,4,Finance,Mid,4,10,9,Yes,Delhi,14.7,19,98,18.88
EMP10309,52,male,Bachelor,25,HR,Senior,5,3,25,No,Pune,5,14,71,27.97
EMP10310,,male,Master,11,Sales,Manager,5,8,39,No,Bangalore,14.8,26,98,41.02
EMP10311,22,Male,Master,1,Operations,Mid,3,7,43,No,Hyderabad,8.1,20,84,19
EMP10312,45,male,Bachelor,22,Operations,Mid,2,10,18,Yes,Delhi,6.6,11,61,22.44
EMP10313,30,male,Diploma,2,IT,Junior,4,8,35,No,Mumbai,4.1,8,58,11.39
EMP10314,38,FEMALE,PhD,16,Operations,Manager,4,3,5,YES,Bangalore,11.9,7,65,40.22
EMP10315,23,FEMALE,Master,,HR,Lead,3,10,49,YES,Mumbai,2.5,6,82,25.4
EMP10316,28,Female,PhD,3,Operations,Junior,4,10,36,no,Bangalore,6.6,6,95,59.73
EMP10317,39,male,PhD,11,Finance,Lead,1,10,45,No,Pune,4.8,1,94,31.7
EMP10318,58,FEMALE,Master,36,Operations,Senior,3,6,26,No,Hyderabad,10.3,3,82,37.35
EMP10319,24,male,Master,3,Marketing,Manager,4,1,25,No,Bangalore,1.2,5,84,33.05
EMP10320,58,Female,PhD,36,Sales,Junior,3,8,10,No,Chennai,13.5,12,93,33.64
EMP10321,29,FEMALE,Diploma,4,Sales,Junior,2,5,2,No,Chennai,13.2,30,75,11.39
EMP10322,46,male,Bachelor,20,Marketing,Senior,1,4,34,No,Mumbai,2.1,9,100,27.19
EMP10323,38,FEMALE,Bachelor,16,Marketing,Lead,3,8,22,YES,Chennai,9.3,22,,31.2
EMP10324,35,FEMALE,PhD,12,IT,Junior,3,0,19,No,Chennai,11.1,2,51,21.12
EMP10325,55,Male,Bachelor,27,Sales,Manager,4,6,5,YES,Bangalore,12.8,28,50,40.85
EMP10326,23,FEMALE,PhD,0,Operations,Manager,2,8,46,YES,Mumbai,4.6,21,84,37.42
EMP10327,34,male,Diploma,10,Finance,Junior,4,0,38,YES,Pune,12.1,28,62,14.42
EMP10328,26,Male,PhD,3,IT,Senior,3,6,58,No,Chennai,1.7,24,95,28.59
EMP10329,58,FEMALE,Master,32,Sales,Manager,4,4,7,no,Bangalore,1.9,19,79,46.58
EMP10330,45,Male,Master,,Operations,Manager,2,5,22,No,Delhi,1.9,25,68,42.15
EMP10331,23,male,Diploma,1,Sales,Lead,3,8,27,No,Hyderabad,0.3,7,63,19.41
EMP10332,39,Male,Bachelor,12,Marketing,Manager,4,7,37,Yes,Chennai,1.8,4,89,37.89
EMP10333,37,FEMALE,Diploma,,Operations,Mid,1,0,55,no,Hyderabad,4.3,14,60,16.33
EMP10334,24,male,Bachelor,0,Marketing,Manager,2,8,60,YES,Pune,8.9,9,65,31.82
EMP10335,49,male,Bachelor,23,Marketing,Lead,1,2,10,YES,Mumbai,14.9,18,70,31.23
EMP10336,40,Male,PhD,15,Sales,Manager,3,0,52,YES,Chennai,1.4,29,58,40.67
EMP10337,24,male,Master,1,Finance,Junior,1,1,23,Yes,Delhi,14.3,8,94,12.22
EMP10338,32,Female,PhD,6,Operations,Senior,1,2,25,Yes,Delhi,2.5,22,89,26.99
EMP10339,41,FEMALE,PhD,18,Marketing,Mid,4,8,28,No,Mumbai,9.6,23,56,27.41
EMP10340,32,Male,Bachelor,,Marketing,Junior,3,5,43,No,Mumbai,14.3,2,76,12.81
EMP10341,21,Female,Diploma,0,Sales,Lead,1,1,16,no,Chennai,0.6,6,75,19.12
EMP10342,21,FEMALE,Bachelor,0,Marketing,Lead,5,0,34,Yes,Delhi,2.9,3,97,24.42
EMP10343,40,male,Bachelor,12,HR,Manager,1,5,48,no,Delhi,0.1,30,57,36.64
EMP10344,29,male,PhD,1,HR,Senior,5,0,40,YES,Chennai,12.3,21,100,24.72
EMP10345,59,Female,Master,32,Finance,Manager,1,6,12,YES,Pune,10.1,14,,46.55
EMP10346,21,Female,Master,0,Sales,Mid,4,2,11,no,Hyderabad,13.2,29,94,18.55
EMP10347,32,male,Master,7,Sales,Lead,1,9,38,YES,Delhi,14.3,5,57,28.56
EMP10348,40,FEMALE,Diploma,18,Operations,Manager,2,1,3,no,Delhi,5.8,4,67,34.39
EMP10349,57,male,Master,34,Sales,Mid,4,7,19,Yes,Bangalore,13.5,12,,34.94
EMP10350,49,FEMALE,Master,28,Operations,Lead,2,1,50,No,Hyderabad,8.9,10,63,35.72
EMP10351,38,male,Bachelor,15,Sales,Manager,1,8,38,No,Delhi,13.1,20,55,35.56
EMP10352,22,Female,Diploma,1,Operations,Manager,1,2,42,No,Delhi,7.3,13,,24.55
EMP10353,46,Female,Diploma,21,HR,Manager,5,0,30,Yes,Mumbai,7,24,,39.28
EMP10354,38,FEMALE,Diploma,,Sales,Lead,3,6,8,Yes,Mumbai,4.6,26,79,30.94
EMP10355,54,FEMALE,Bachelor,26,Marketing,Junior,3,2,27,no,Pune,8.7,9,72,23.74
EMP10356,,male,PhD,32,Sales,Mid,1,7,38,Yes,Hyderabad,7.7,28,86,31.91
EMP10357,27,Male,Diploma,3,HR,Manager,5,7,0,No,Delhi,5.2,20,68,30.14
EMP10358,,FEMALE,PhD,25,IT,Mid,3,10,10,No,Chennai,4.7,6,54,29.5
EMP10359,28,Male,Master,6,IT,Junior,4,7,11,YES,Hyderabad,8.4,4,98,17.47
EMP10360,44,FEMALE,Master,21,Operations,Lead,3,10,44,No,Delhi,5.8,27,95,35.87
EMP10361,47,male,PhD,25,HR,Senior,3,1,5,No,Bangalore,11.3,15,79,34.51
EMP10362,57,Male,PhD,35,Operations,Senior,4,4,34,YES,Pune,13.3,4,67,38.11
EMP10363,29,Female,Master,8,Operations,Manager,5,10,46,no,Pune,2.3,17,94,114.33
EMP10364,33,FEMALE,PhD,11,Sales,Manager,5,5,52,Yes,Bangalore,12.5,19,52,40.03
EMP10365,54,Female,Bachelor,26,Finance,Mid,5,2,57,Yes,Hyderabad,0.9,14,93,28.78
EMP10366,24,male,Master,1,HR,Lead,1,7,60,YES,Chennai,6.7,15,83,25.22
EMP10367,31,Male,Master,7,Operations,Manager,3,0,34,YES,Delhi,13.2,8,71,37.02
EMP10368,57,Male,Master,30,IT,Mid,5,7,27,no,Mumbai,12.8,5,85,33.26
EMP10369,39,male,Master,12,Finance,Mid,3,4,33,Yes,Mumbai,10.8,13,96,22.25
EMP10370,37,Female,Master,9,Marketing,Senior,4,8,45,No,Pune,0.5,6,66,24.89
EMP10371,39,male,PhD,17,Finance,Mid,4,3,31,no,Mumbai,7.4,23,85,26.72
EMP10372,44,Female,PhD,17,Operations,Manager,3,10,56,Yes,Pune,5.4,17,100,43.55
EMP10373,34,Male,PhD,11,Operations,Manager,2,2,46,Yes,Hyderabad,11.5,4,56,39.02
EMP10374,52,Female,Diploma,24,Marketing,Manager,3,5,2,No,Pune,6.7,13,96,39.14
EMP10375,51,Female,Master,24,Finance,Manager,2,5,28,no,Bangalore,0.5,3,59,39.36
EMP10376,36,FEMALE,Diploma,12,Finance,Manager,2,8,23,No,Bangalore,11,30,79,33.19
EMP10377,,FEMALE,PhD,32,Marketing,Lead,2,7,25,YES,Bangalore,12.4,7,79,43.69
EMP10378,57,Female,Diploma,32,Sales,Lead,5,8,0,Yes,Bangalore,12.7,2,89,38.52
EMP10379,43,Male,Diploma,22,Sales,Lead,2,3,29,Yes,Mumbai,0.4,11,84,105.84
EMP10380,33,FEMALE,Diploma,8,IT,Lead,2,2,58,No,Hyderabad,13,2,89,25.73
EMP10381,37,FEMALE,Bachelor,10,Sales,Lead,2,9,59,no,Chennai,10.6,28,51,27.8
EMP10382,51,Female,PhD,27,Operations,Junior,2,6,2,YES,Mumbai,12.1,14,76,27.19
EMP10383,49,Female,Diploma,22,Marketing,Mid,5,6,0,No,Chennai,8.2,30,62,20.54
EMP10384,,FEMALE,Diploma,19,Sales,Junior,1,6,22,no,Chennai,13,10,,18.73
EMP10385,56,Female,Bachelor,28,Finance,Mid,4,3,31,YES,Hyderabad,7.9,18,77,26.07
EMP10386,35,FEMALE,Bachelor,9,IT,Junior,4,10,22,Yes,Mumbai,10.8,12,80,14.94
EMP10387,34,Male,Bachelor,12,IT,Mid,2,7,33,no,Bangalore,10.8,9,61,17
EMP10388,49,FEMALE,Diploma,27,Operations,Mid,2,5,37,no,Bangalore,13.4,24,99,26.18
EMP10389,28,Female,Bachelor,7,HR,Manager,5,8,28,YES,Bangalore,14,25,50,33.71
EMP10390,54,male,Bachelor,30,Sales,Manager,4,3,17,No,Delhi,13.4,13,68,40.45
EMP10391,26,Female,Master,0,Operations,Mid,4,2,36,no,Delhi,1.7,23,75,18.58
EMP10392,45,Female,Master,17,IT,Senior,2,6,20,no,Delhi,10.7,13,86,28.85
EMP10393,53,FEMALE,PhD,,Sales,Junior,4,10,16,YES,Mumbai,10.1,25,79,29.82
EMP10394,39,FEMALE,PhD,15,HR,Lead,5,9,16,No,Hyderabad,5.4,16,88,34.2
EMP10395,48,Female,PhD,20,HR,Mid,1,2,46,no,Hyderabad,1.7,14,84,26.85
EMP10396,33,Female,Diploma,11,Finance,Manager,5,3,30,no,Chennai,10.8,9,58,31.14
EMP10397,58,Male,Bachelor,35,HR,Senior,1,3,44,no,Hyderabad,11.3,13,83,35.01
EMP10398,56,Female,Master,34,Marketing,Junior,3,5,43,Yes,Mumbai,0.8,28,89,30.5
EMP10399,21,Male,Master,0,Operations,Lead,5,10,34,Yes,Delhi,10,17,,24.6
EMP10400,30,Female,Bachelor,4,Operations,Manager,5,4,37,no,Mumbai,5.1,22,66,32.19
EMP10401,56,Female,Bachelor,30,Sales,Senior,2,2,24,No,Bangalore,11,6,66,29.49
EMP10402,49,Female,Diploma,26,HR,Lead,1,3,57,no,Mumbai,7.8,6,50,30.96
EMP10403,40,FEMALE,Bachelor,13,Sales,Manager,4,0,39,no,Hyderabad,2,12,76,33.24
EMP10404,50,FEMALE,Master,29,Sales,Senior,2,4,5,no,Hyderabad,6.5,21,74,33.86
EMP10405,53,male,Diploma,26,Sales,Lead,2,6,51,YES,Pune,9.6,12,65,36.1
EMP10406,33,Female,PhD,6,Marketing,Junior,4,2,8,Yes,Pune,8.2,8,82,20.59
EMP10407,43,FEMALE,Master,22,Marketing,Manager,5,5,58,YES,Delhi,4.5,3,78,39.98
EMP10408,48,FEMALE,Bachelor,23,Sales,Mid,4,6,43,No,Pune,0.9,26,89,25.66
EMP10409,29,male,PhD,2,Operations,Manager,5,7,31,YES,Mumbai,9.8,11,64,38.57
EMP10410,37,male,PhD,14,Finance,Lead,2,6,41,No,Pune,13.4,25,59,35.27
EMP10411,39,Male,Bachelor,16,Finance,Manager,5,4,7,Yes,Pune,9.5,15,80,35.33
EMP10412,58,Female,Diploma,30,IT,Junior,4,8,46,No,Chennai,0.9,14,99,27.1
EMP10413,46,FEMALE,Diploma,25,IT,Mid,2,4,19,YES,Pune,9.5,11,82,23.55
EMP10414,35,FEMALE,Diploma,7,Operations,Manager,5,9,20,no,Mumbai,14.4,6,87,33.39
EMP10415,42,FEMALE,Diploma,16,Marketing,Junior,2,9,45,Yes,Delhi,6.5,30,52,16.64
EMP10416,53,male,Diploma,32,Operations,Manager,3,1,10,Yes,Hyderabad,5.9,12,55,37.43
EMP10417,36,Female,PhD,12,IT,Mid,3,7,58,No,Bangalore,14.7,25,61,24.52
EMP10418,39,male,Bachelor,12,Marketing,Manager,2,9,5,YES,Hyderabad,2.9,19,,98.07
EMP10419,54,FEMALE,PhD,33,Sales,Junior,3,10,52,No,Chennai,14.3,2,57,30.11
EMP10420,52,Male,Bachelor,28,Operations,Senior,1,10,38,Yes,Bangalore,11.7,20,73,29.24
EMP10421,42,FEMALE,PhD,17,Finance,Lead,4,8,36,Yes,Delhi,0.1,5,,34.01
EMP10422,,FEMALE,Diploma,0,IT,Mid,3,5,36,YES,Chennai,3.7,29,52,13.6
EMP10423,33,Female,Diploma,8,IT,Manager,2,3,8,no,Pune,2.3,23,76,31.23
EMP10424,45,male,Master,20,IT,Junior,1,2,19,Yes,Mumbai,1.4,30,84,24.38
EMP10425,55,Female,Bachelor,34,IT,Senior,3,9,13,no,Pune,9.3,13,78,30.75
EMP10426,24,Female,Diploma,3,HR,Senior,2,0,57,no,Delhi,13.2,20,72,18.76
EMP10427,30,Male,Master,7,Operations,Lead,3,8,40,YES,Pune,3.4,1,66,85.68
EMP10428,49,Male,Diploma,25,Finance,Junior,5,10,55,YES,Pune,8.7,3,61,18.97
EMP10429,46,male,PhD,23,IT,Senior,3,6,46,no,Mumbai,13.6,26,89,38.74
EMP10430,43,FEMALE,PhD,21,Sales,Mid,4,1,51,no,Delhi,3.1,8,90,28
EMP10431,39,Male,Bachelor,11,Operations,Manager,4,8,26,YES,Chennai,1,15,84,30.82
EMP10432,44,Female,Bachelor,21,IT,Junior,5,3,33,no,Hyderabad,11.6,24,91,23.52
EMP10433,24,Male,Bachelor,1,Sales,Lead,2,8,48,Yes,Hyderabad,8.1,24,72,24.5
EMP10434,26,male,Diploma,1,Finance,Senior,1,9,39,Yes,Hyderabad,3.4,6,,17.43
EMP10435,40,FEMALE,Bachelor,17,HR,Junior,3,5,46,no,Chennai,2.9,12,87,21.4
EMP10436,25,Male,Diploma,0,IT,Junior,2,1,29,YES,Hyderabad,4.9,25,97,13.38
EMP10437,47,FEMALE,PhD,24,Sales,Junior,1,10,46,Yes,Chennai,12.1,7,65,25.21
EMP10438,41,FEMALE,Bachelor,13,Marketing,Manager,1,10,54,No,Pune,8.2,10,81,38.5
EMP10439,54,FEMALE,Bachelor,27,Sales,Senior,1,0,10,No,Hyderabad,9.4,22,66,26.04
EMP10440,45,FEMALE,Diploma,22,Finance,Mid,5,4,37,YES,Hyderabad,11.7,25,100,26.96
EMP10441,56,Female,PhD,35,Sales,Junior,1,7,1,no,Hyderabad,10.5,7,55,30.68
EMP10442,59,male,Bachelor,34,IT,Lead,1,0,33,Yes,Pune,12.1,29,58,38.45
EMP10443,33,male,PhD,7,Marketing,Senior,4,3,52,no,Chennai,12.8,17,61,24.69
EMP10444,21,Female,Master,0,Operations,Lead,3,9,14,YES,Delhi,7.6,4,67,28.76
EMP10445,39,FEMALE,Master,16,Operations,Manager,4,2,39,YES,Pune,12,1,63,36.93
EMP10446,26,FEMALE,Bachelor,5,Sales,Lead,1,0,39,No,Hyderabad,0.8,1,54,27.77
EMP10447,47,male,Master,19,Sales,Lead,5,2,18,Yes,Chennai,5.9,27,92,34.11
EMP10448,42,Male,Bachelor,19,Marketing,Manager,1,4,7,no,Pune,3.8,24,52,34.64
EMP10449,36,Male,Bachelor,9,Sales,Lead,3,2,17,no,Mumbai,3.7,8,,23.47
EMP10450,31,Female,PhD,6,Operations,Mid,3,0,5,YES,Hyderabad,5,25,77,23.19
EMP10451,34,FEMALE,Bachelor,9,Finance,Lead,3,0,49,no,Bangalore,6.5,19,71,26.02
EMP10452,59,FEMALE,PhD,35,Marketing,Manager,1,3,53,Yes,Mumbai,11,23,63,48.93
EMP10453,43,Male,Master,20,Marketing,Manager,5,7,19,Yes,Mumbai,4.2,18,59,41.8
EMP10454,22,Male,Bachelor,0,HR,Senior,2,4,27,no,Mumbai,6.1,5,67,16.76
EMP10455,46,Male,Master,22,IT,Lead,1,0,26,YES,Bangalore,7.8,7,,31.76
EMP10456,36,Female,Bachelor,14,Operations,Manager,4,7,9,no,Delhi,10.3,26,92,35.66
EMP10457,59,Female,Master,36,Finance,Lead,5,5,19,YES,Mumbai,4.5,22,69,46.1
EMP10458,22,FEMALE,Diploma,0,IT,Lead,5,1,21,Yes,Hyderabad,14.5,15,76,24.37
EMP10459,30,male,Diploma,9,Sales,Mid,1,5,40,no,Hyderabad,7.9,27,,15.09
EMP10460,42,FEMALE,Bachelor,18,Finance,Manager,2,8,44,Yes,Hyderabad,6.1,17,94,39.79
EMP10461,24,male,PhD,0,Sales,Lead,1,8,35,Yes,Bangalore,14.1,10,85,30.21
EMP10462,52,Male,Diploma,24,Sales,Junior,1,9,49,No,Mumbai,11.1,18,84,24.17
EMP10463,41,Female,Bachelor,14,HR,Manager,1,3,28,YES,Delhi,7.7,27,75,39.78
EMP10464,40,Female,PhD,15,HR,Lead,1,4,22,No,Chennai,0.8,20,96,37.26
EMP10465,53,Female,PhD,32,IT,Lead,5,10,47,no,Mumbai,13.7,11,99,47.13
EMP10466,31,Female,PhD,3,IT,Lead,2,6,9,No,Mumbai,13.3,19,85,33.72
EMP10467,33,Female,Master,5,Marketing,Junior,3,9,37,YES,Bangalore,11.1,24,76,15.87
EMP10468,37,male,Master,16,Finance,Mid,5,5,42,no,Bangalore,8.1,17,77,24.91
EMP10469,53,FEMALE,Master,27,Finance,Manager,5,8,17,Yes,Delhi,11.8,21,51,41.4
EMP10470,58,Female,Master,36,Finance,Senior,4,1,59,YES,Delhi,2.2,15,77,37.99
EMP10471,38,Female,Diploma,,Sales,Mid,3,9,56,YES,Bangalore,3,22,56,19.96
EMP10472,24,Female,Diploma,0,Sales,Mid,1,6,2,no,Mumbai,6.1,18,50,9.49
EMP10473,58,FEMALE,PhD,32,HR,Manager,5,4,48,no,Delhi,2.8,21,99,51.76
EMP10474,40,Female,Bachelor,17,Operations,Lead,3,3,4,No,Delhi,0.1,12,140,31.09
EMP10475,43,male,PhD,22,HR,Senior,5,9,51,no,Pune,13.1,13,95,33.72
EMP10476,59,Female,Diploma,31,IT,Senior,1,0,20,No,Chennai,13.6,6,100,27.05
EMP10477,55,FEMALE,PhD,28,Marketing,Manager,1,5,4,no,Mumbai,10.2,17,,46.71
EMP10478,42,FEMALE,PhD,21,Operations,Lead,5,4,22,No,Chennai,2.7,14,96,41.01
EMP10479,43,male,Diploma,18,IT,Manager,1,6,39,Yes,Pune,12.9,5,55,31.88
EMP10480,53,Female,Master,27,Marketing,Mid,1,10,31,no,Hyderabad,13.4,14,59,29.89
EMP10481,56,Male,PhD,,Marketing,Manager,1,9,27,YES,Bangalore,4.7,7,96,47.83
EMP10482,35,FEMALE,Master,9,IT,Manager,4,7,7,No,Mumbai,14.8,9,96,108.18
EMP10483,,Female,PhD,27,Operations,Junior,1,2,2,YES,Mumbai,10.4,15,91,28.52
EMP10484,33,Male,Diploma,7,Sales,Lead,1,1,28,no,Hyderabad,8,13,97,21.95
EMP10485,49,male,Diploma,22,HR,Mid,2,0,6,no,Mumbai,1.7,26,98,25.74
EMP10486,59,Female,Bachelor,34,HR,Manager,1,0,16,Yes,Pune,12.9,27,52,44.36
EMP10487,35,Female,Master,10,Sales,Manager,5,10,31,YES,Delhi,10.7,16,74,39.6
EMP10488,21,Male,Master,0,Marketing,Senior,1,5,15,No,Hyderabad,3.1,12,100,23.36
EMP10489,27,Female,PhD,1,Sales,Junior,5,2,18,No,Mumbai,12.8,13,64,14.84
EMP10490,50,Female,Bachelor,29,Operations,Mid,2,2,47,no,Hyderabad,3.1,8,71,25.88
EMP10491,26,male,PhD,2,Marketing,Mid,1,7,35,no,Mumbai,12.7,20,98,21.6
EMP10492,35,Male,PhD,11,IT,Lead,5,10,41,no,Mumbai,4.8,19,52,32.81
EMP10493,34,male,Master,6,Finance,Senior,3,6,3,Yes,Chennai,7,20,60,25.61
EMP10494,47,male,Diploma,21,Operations,Lead,3,1,48,Yes,Mumbai,5.6,28,83,33.84
EMP10495,35,FEMALE,PhD,7,Finance,Mid,1,3,7,YES,Pune,6.4,26,86,18.95
EMP10496,52,Female,Master,30,Sales,Senior,4,0,34,no,Delhi,10.1,12,78,34.15
EMP10497,27,FEMALE,Master,3,IT,Junior,1,5,28,Yes,Bangalore,2.4,16,72,35.04
EMP10498,46,Male,Diploma,22,Finance,Mid,2,4,52,no,Chennai,9.5,10,61,24.76
EMP10499,33,Female,Bachelor,10,Operations,Mid,3,8,39,YES,Hyderabad,9,2,79,19.69
EMP10500,31,male,Diploma,,Sales,Senior,1,9,1,No,Bangalore,2,19,75,20.1
EMP10501,43,Female,Diploma,21,Operations,Lead,1,5,56,no,Hyderabad,4,6,52,25.46
EMP10502,52,FEMALE,Diploma,28,IT,Junior,5,9,45,Yes,Pune,3.3,4,56,23.86
EMP10503,42,FEMALE,Bachelor,20,HR,Manager,5,3,31,Yes,Delhi,11.4,6,73,38.67
EMP10504,32,Female,Diploma,11,IT,Senior,4,7,0,no,Chennai,7,22,55,20.59
EMP10505,41,Male,Diploma,13,Finance,Mid,3,4,59,Yes,Bangalore,0.6,18,97,21.24
EMP10506,49,FEMALE,Master,22,Sales,Senior,5,5,17,No,Pune,12.7,11,82,30.75
EMP10507,58,Male,Bachelor,30,Marketing,Junior,3,3,11,No,Delhi,4.9,27,,31.01
EMP10508,36,Female,PhD,,Operations,Senior,5,0,34,no,Pune,0.3,27,,26.71
EMP10509,31,Female,PhD,5,IT,Mid,4,4,34,Yes,Bangalore,0.2,14,73,24.54
EMP10510,52,Female,PhD,25,Finance,Senior,3,9,34,No,Hyderabad,14.1,5,70,35.78
EMP10511,30,male,Master,7,HR,Junior,1,3,60,Yes,Delhi,9.6,19,92,15.4
EMP10512,45,Female,Master,21,Marketing,Mid,3,6,23,no,Delhi,5.7,2,77,26.18
EMP10513,25,FEMALE,Master,0,HR,Junior,3,4,50,Yes,Chennai,6.6,18,53,12.15
EMP10514,58,Male,Bachelor,37,Operations,Lead,3,10,60,Yes,Delhi,10.1,23,67,43.61
EMP10515,43,FEMALE,Master,20,HR,Senior,5,4,22,YES,Chennai,10.4,25,90,32.06
EMP10516,21,Male,Bachelor,0,IT,Lead,4,0,14,Yes,Bangalore,3.1,22,140,21.92
EMP10517,37,FEMALE,Master,12,IT,Mid,2,3,49,YES,Bangalore,11.7,23,92,19.01
EMP10518,40,Male,PhD,14,Operations,Lead,3,7,25,No,Chennai,6,13,51,29.61
EMP10519,57,Female,Master,36,Sales,Junior,2,3,53,No,Bangalore,8.7,8,93,28.73
EMP10520,28,Male,Master,3,Marketing,Lead,2,0,19,YES,Mumbai,13.2,16,95,26.73
EMP10521,27,Male,PhD,0,IT,Mid,5,10,46,no,Pune,10.3,27,72,23.82
EMP10522,55,Male,Diploma,32,Marketing,Lead,4,4,41,YES,Delhi,10.4,23,57,34.52
EMP10523,35,Female,Bachelor,8,IT,Junior,5,3,59,Yes,Mumbai,1,23,61,16.08
EMP10524,,male,Bachelor,25,Sales,Lead,3,10,33,No,Delhi,1.1,12,83,36.66
EMP10525,40,Male,Master,18,Operations,Mid,2,3,14,Yes,Hyderabad,2.2,3,86,20.34
EMP10526,31,Male,Master,5,Sales,Lead,5,7,59,YES,Delhi,12.4,28,98,30.45
EMP10527,56,male,Diploma,31,Finance,Lead,5,3,36,Yes,Delhi,2.6,4,80,37.06
EMP10528,25,Female,PhD,0,HR,Manager,2,7,45,YES,Hyderabad,4.7,12,97,38.74
EMP10529,43,Male,Diploma,22,Operations,Manager,1,6,30,No,Mumbai,4.6,25,91,37.06
EMP10530,42,Male,Diploma,17,IT,Junior,1,1,50,no,Pune,14.9,17,64,12.61
EMP10531,,Male,Master,8,HR,Lead,5,0,31,no,Pune,13.3,20,75,29.35
EMP10532,36,male,Bachelor,15,HR,Senior,4,5,18,YES,Chennai,9.9,25,84,24.28
EMP10533,38,Male,Diploma,10,Sales,Manager,4,10,24,No,Bangalore,7.7,8,62,35.52
EMP10534,46,Male,Bachelor,20,IT,Manager,4,6,7,no,Chennai,5.6,27,87,41.01
EMP10535,58,FEMALE,Master,30,Sales,Senior,4,4,29,Yes,Bangalore,12.8,3,94,36.19
EMP10536,52,male,Master,27,Sales,Mid,1,5,13,No,Delhi,3.8,10,52,25.93
EMP10537,32,Female,PhD,11,Marketing,Senior,3,4,51,No,Chennai,10.1,9,80,29.06
EMP10538,59,Female,Bachelor,32,Finance,Junior,4,9,49,YES,Bangalore,0.8,20,62,26.12
EMP10539,37,FEMALE,Diploma,11,IT,Senior,4,0,0,YES,Mumbai,5.3,17,73,22.75
EMP10540,43,FEMALE,Diploma,17,Marketing,Mid,3,9,46,no,Pune,13.6,7,86,20.99
EMP10541,48,Male,Diploma,27,Operations,Mid,5,6,1,Yes,Hyderabad,11.4,17,79,28.42
EMP10542,33,male,Bachelor,10,Finance,Manager,5,4,47,no,Mumbai,5.1,8,,32.96
EMP10543,35,Female,Diploma,14,IT,Manager,4,9,43,no,Delhi,7.5,23,79,31.73
EMP10544,21,FEMALE,Diploma,0,Marketing,Manager,3,10,33,No,Bangalore,3.2,15,61,31.16
EMP10545,,FEMALE,Bachelor,28,Sales,Senior,1,8,7,YES,Hyderabad,4.2,30,61,33.89
EMP10546,31,Male,Master,4,Sales,Lead,3,0,32,No,Pune,3.6,29,70,26.4
EMP10547,41,Male,Bachelor,13,IT,Manager,2,5,36,No,Pune,11.2,19,57,32.95
EMP10548,31,Male,PhD,3,Sales,Lead,1,4,50,YES,Chennai,4.4,8,68,29.63
EMP10549,59,male,Bachelor,35,Sales,Lead,3,0,5,Yes,Chennai,10.2,6,,38.56
EMP10550,46,Male,Diploma,25,Operations,Mid,3,3,57,No,Hyderabad,6.8,26,81,25.85
EMP10551,,Female,Master,16,IT,Mid,4,6,59,YES,Mumbai,14.9,26,84,24.94
EMP10552,48,male,PhD,27,IT,Manager,2,1,47,YES,Mumbai,12.5,12,57,42.77
EMP10553,44,Female,Bachelor,16,Finance,Junior,2,3,37,Yes,Chennai,0.9,9,96,19.57
EMP10554,44,Male,PhD,17,HR,Junior,5,8,33,Yes,Bangalore,2.8,24,91,24.92
EMP10555,29,male,Bachelor,7,HR,Mid,4,7,9,Yes,Chennai,2.7,24,54,17.58
EMP10556,46,Female,Master,19,IT,Junior,2,6,30,no,Bangalore,5.4,12,72,24.57
EMP10557,24,Male,Bachelor,0,Sales,Junior,1,5,24,no,Bangalore,10.9,3,70,12.14
EMP10558,42,FEMALE,Diploma,17,Marketing,Mid,5,0,51,no,Chennai,4.3,15,95,20.78
EMP10559,35,Female,Diploma,9,Operations,Lead,1,4,23,YES,Chennai,1.7,5,55,22.27
EMP10560,43,FEMALE,Bachelor,19,Sales,Mid,3,1,20,No,Hyderabad,12.3,22,89,25.31
EMP10561,43,Female,Diploma,15,Marketing,Manager,3,7,49,YES,Delhi,8.4,20,98,36.18
EMP10562,25,Male,PhD,3,Marketing,Lead,5,4,54,Yes,Chennai,5.4,27,94,32.01
EMP10563,58,Female,Master,,HR,Lead,5,8,58,No,Chennai,8.9,1,89,41.6
EMP10564,48,FEMALE,Diploma,24,Operations,Lead,4,6,25,no,Hyderabad,11.8,8,77,32.12
EMP10565,50,FEMALE,Master,29,Marketing,Manager,2,4,55,YES,Hyderabad,5.2,23,80,45.37
EMP10566,42,Female,Bachelor,14,Sales,Junior,5,0,0,Yes,Delhi,2.1,10,91,17.71
EMP10567,41,male,Master,14,Finance,Junior,1,5,37,No,Delhi,13.4,16,,15.88
EMP10568,58,Female,Bachelor,37,HR,Junior,5,5,34,YES,Mumbai,3.3,15,57,28.31
EMP10569,35,male,Diploma,9,Marketing,Mid,5,10,12,No,Chennai,6.9,21,84,19.04
EMP10570,54,male,Bachelor,32,Marketing,Mid,5,9,19,Yes,Hyderabad,3.7,27,99,31.35
EMP10571,38,Female,Master,14,Marketing,Manager,1,8,13,no,Pune,12.7,7,93,38.76
EMP10572,55,Male,Master,34,Finance,Mid,3,2,19,Yes,Bangalore,8.3,26,97,31.8
EMP10573,44,FEMALE,Bachelor,19,HR,Manager,5,0,6,Yes,Bangalore,3.8,1,84,35.28
EMP10574,34,male,Master,9,HR,Manager,4,7,58,No,Pune,0.4,16,53,31.6
EMP10575,46,Female,Master,22,IT,Junior,5,1,30,Yes,Pune,1.4,8,73,24.64
EMP10576,27,FEMALE,Master,0,Sales,Junior,4,2,38,Yes,Mumbai,9.5,25,65,12.67
EMP10577,55,Female,Master,29,Sales,Senior,2,5,17,no,Pune,0.6,21,78,31.68
EMP10578,43,male,PhD,18,HR,Senior,2,3,28,No,Mumbai,13.7,10,67,25.93
EMP10579,35,male,Bachelor,7,Sales,Lead,2,8,36,No,Mumbai,13.5,6,97,27.9
EMP10580,31,FEMALE,Bachelor,8,Operations,Junior,1,3,3,Yes,Delhi,3.5,19,54,15.23
EMP10581,52,Female,Bachelor,26,Sales,Manager,3,5,0,Yes,Delhi,6,16,60,43.5
EMP10582,29,Male,PhD,5,Sales,Mid,4,6,13,No,Mumbai,10.3,17,90,23.01
EMP10583,29,Male,Master,2,HR,Senior,2,2,60,YES,Mumbai,3.3,15,72,18.16
EMP10584,45,Female,PhD,23,Sales,Junior,2,8,45,Yes,Pune,5.9,23,90,28.16
EMP10585,45,Male,Master,19,IT,Senior,3,3,47,Yes,Mumbai,2.4,3,60,27.96
EMP10586,32,Female,PhD,11,Operations,Lead,2,1,53,no,Chennai,3.2,16,,33.27
EMP10587,38,FEMALE,PhD,15,Sales,Lead,5,10,25,Yes,Delhi,14.2,25,93,36.68
EMP10588,32,Female,PhD,,Operations,Manager,5,3,38,No,Mumbai,0.1,26,76,37.91
EMP10589,47,Male,PhD,20,IT,Junior,4,10,16,YES,Hyderabad,3.3,17,85,27.44
EMP10590,49,Female,Master,22,IT,Junior,4,4,29,no,Hyderabad,4.2,14,59,20.89
EMP10591,27,male,Bachelor,2,Marketing,Junior,4,4,28,no,Bangalore,5,4,96,10.63
EMP10592,41,FEMALE,Diploma,13,Operations,Lead,5,10,54,No,Pune,2.3,20,74,29.66
EMP10593,26,Female,Diploma,0,Sales,Junior,4,1,21,no,Pune,1.9,18,54,8.89
EMP10594,39,Male,Master,12,Sales,Senior,2,10,53,Yes,Pune,3.9,22,96,30.84
EMP10595,56,Female,PhD,35,Marketing,Manager,3,2,37,Yes,Chennai,3.6,15,64,50.23
EMP10596,24,male,Master,2,Finance,Junior,2,4,19,no,Bangalore,9.8,11,86,16.31
EMP10597,42,Female,Bachelor,20,IT,Junior,4,1,12,YES,Pune,14.9,10,80,21.39
EMP10598,41,FEMALE,Diploma,16,IT,Lead,3,4,31,no,Hyderabad,9.3,20,59,30.34
EMP10599,22,FEMALE,PhD,0,IT,Senior,4,7,16,No,Mumbai,7.5,16,95,25.53
EMP10600,44,FEMALE,Master,23,Sales,Lead,3,6,20,Yes,Pune,11.7,26,96,37.55
EMP10601,32,Female,Master,5,Finance,Lead,1,0,10,YES,Hyderabad,14.9,1,96,83.31
EMP10602,22,Male,Diploma,0,Operations,Mid,4,2,25,Yes,Mumbai,4.3,18,92,12.27
EMP10603,31,Female,Master,6,Finance,Manager,3,2,41,Yes,Delhi,13.3,22,51,34.3
EMP10604,53,FEMALE,PhD,28,Finance,Manager,1,5,41,No,Delhi,3.8,22,65,46.4
EMP10605,42,Male,PhD,21,IT,Senior,4,1,42,No,Chennai,1.7,16,83,34.02
EMP10606,32,Female,Diploma,4,HR,Lead,1,9,8,No,Pune,9.3,25,83,22.28
EMP10607,40,FEMALE,Bachelor,13,Finance,Junior,4,1,0,No,Bangalore,10.1,4,73,20.72
EMP10608,34,Male,Bachelor,12,Sales,Manager,5,4,27,Yes,Hyderabad,2.5,7,73,34.56
EMP10609,41,male,PhD,19,Finance,Manager,5,1,23,YES,Delhi,5.1,26,61,43.49
EMP10610,56,FEMALE,PhD,30,Operations,Junior,5,3,55,Yes,Delhi,11.9,1,,30.25
EMP10611,56,Male,PhD,32,HR,Mid,2,5,2,Yes,Delhi,3.8,13,65,34.25
EMP10612,34,FEMALE,Diploma,7,Marketing,Senior,4,0,44,YES,Hyderabad,12.6,29,56,16.95
EMP10613,52,FEMALE,PhD,25,Marketing,Lead,4,0,40,Yes,Delhi,6.9,12,83,40.96
EMP10614,,FEMALE,Bachelor,15,Finance,Senior,3,10,32,Yes,Pune,0.2,3,66,24.17
EMP10615,150,Male,PhD,25,Operations,Senior,5,10,19,no,Pune,8.5,9,78,36.4
EMP10616,42,male,Master,20,IT,Senior,5,4,59,YES,Hyderabad,3.4,8,50,26.43
EMP10617,40,Male,Master,16,Operations,Lead,3,6,46,No,Mumbai,14.7,11,78,32.71
EMP10618,21,male,Bachelor,0,Operations,Senior,2,3,5,YES,Chennai,8.9,16,100,21.47
EMP10619,53,Female,PhD,30,Operations,Manager,4,2,4,no,Bangalore,8.7,12,69,49.43
EMP10620,24,male,Bachelor,1,Operations,Lead,3,5,26,Yes,Chennai,9.3,13,,24.8
EMP10621,42,FEMALE,Bachelor,18,Sales,Junior,4,4,44,No,Mumbai,12.7,19,57,19.05
EMP10622,33,Male,Diploma,9,HR,Mid,1,3,55,No,Pune,0.9,7,100,14.54
EMP10623,32,Female,Diploma,5,IT,Lead,3,9,41,YES,Hyderabad,12.3,6,83,28.32
EMP10624,58,Male,Master,37,Marketing,Lead,2,0,34,Yes,Chennai,12.1,27,96,43.23
EMP10625,27,FEMALE,Bachelor,4,Finance,Senior,5,3,24,No,Delhi,10.5,6,95,22.19
EMP10626,57,male,PhD,31,Marketing,Manager,5,7,15,No,Hyderabad,0.9,25,53,48.8
EMP10627,31,FEMALE,Master,3,Sales,Junior,1,6,45,Yes,Bangalore,4.6,28,90,15.38
EMP10628,48,Female,Bachelor,25,HR,Manager,1,9,24,No,Pune,0.9,19,82,40.98
EMP10629,56,Male,Master,30,Marketing,Lead,3,0,2,no,Bangalore,6.8,30,78,39.36
EMP10630,45,Female,Bachelor,22,Marketing,Mid,2,10,46,YES,Bangalore,9.2,22,87,28.5
EMP10631,43,male,Master,22,Finance,Senior,2,6,21,no,Chennai,2,17,90,30.3
EMP10632,58,FEMALE,Master,35,Finance,Mid,4,0,0,Yes,Hyderabad,2.4,28,83,31.84
EMP10633,24,male,Diploma,3,Operations,Manager,4,10,53,YES,Hyderabad,0.9,1,56,29.98
EMP10634,,male,Diploma,27,IT,Lead,5,7,18,YES,Hyderabad,4.4,20,92,36.79
EMP10635,47,male,Master,19,Operations,Senior,1,1,27,No,Mumbai,4.4,16,84,27.96
EMP10636,24,FEMALE,Bachelor,0,HR,Manager,1,6,47,YES,Bangalore,4.8,16,88,27.69
EMP10637,24,male,Bachelor,0,Operations,Junior,3,1,43,YES,Chennai,13.7,4,67,7.64
EMP10638,21,Male,PhD,0,Finance,Lead,2,9,22,No,Mumbai,4.9,6,55,25.88
EMP10639,28,FEMALE,Master,0,Operations,Mid,3,4,17,YES,Delhi,8.7,5,79,15.47
EMP10640,57,Female,Master,33,Operations,Mid,3,6,8,YES,Delhi,13.1,12,78,35.71
EMP10641,53,male,Diploma,30,HR,Lead,5,1,51,No,Mumbai,0.4,12,67,36.09
EMP10642,58,Female,Master,33,HR,Junior,2,0,43,YES,Hyderabad,0.7,26,60,27.65
EMP10643,24,male,PhD,1,Sales,Senior,2,3,48,no,Hyderabad,7.6,24,71,57
EMP10644,41,Male,Diploma,14,IT,Lead,3,6,27,no,Mumbai,6.2,19,98,26.81
EMP10645,29,FEMALE,Bachelor,7,IT,Manager,5,5,31,YES,Mumbai,12.4,5,91,35.24
EMP10646,59,Female,PhD,37,HR,Junior,5,10,46,YES,Pune,2.1,10,77,33.6
EMP10647,49,male,PhD,22,Finance,Manager,3,5,11,No,Pune,6,13,78,39.82
EMP10648,40,Female,Diploma,13,Sales,Lead,4,2,20,YES,Mumbai,0.4,8,72,25.89
EMP10649,36,Female,Diploma,11,Finance,Junior,3,8,59,No,Hyderabad,3.9,21,56,14.83
EMP10650,57,FEMALE,Bachelor,33,IT,Lead,1,9,42,no,Pune,8.8,8,98,36.67
EMP10651,45,Male,PhD,23,Finance,Lead,4,8,16,Yes,Chennai,11.9,14,97,39.28
EMP10652,43,Female,Bachelor,20,IT,Senior,5,10,24,Yes,Hyderabad,2.1,13,92,31.11
EMP10653,34,male,Diploma,10,HR,Mid,2,10,59,YES,Mumbai,2.5,28,100,22.54
EMP10654,29,male,Bachelor,1,Finance,Junior,4,0,3,No,Delhi,2.7,2,97,10.37
EMP10655,23,FEMALE,Diploma,1,Sales,Junior,5,4,24,YES,Hyderabad,0.8,18,96,12.93
EMP10656,32,male,PhD,5,Sales,Mid,5,1,46,No,Chennai,5.2,11,68,18.45
EMP10657,55,Female,Bachelor,28,IT,Lead,5,9,45,No,Pune,14.4,13,93,43.2
EMP10658,42,Female,Bachelor,15,Marketing,Junior,3,1,11,Yes,Delhi,11,28,82,18.78
EMP10659,39,male,Master,15,Finance,Junior,3,3,60,Yes,Mumbai,2.7,5,75,19.85
EMP10660,36,Male,Diploma,10,Operations,Junior,5,6,59,Yes,Bangalore,14.9,16,77,16.8
EMP10661,55,male,PhD,31,Finance,Lead,5,7,43,no,Bangalore,11,22,70,41.84
EMP10662,21,Male,Bachelor,0,Operations,Mid,3,6,42,YES,Mumbai,10.5,30,62,14.88
EMP10663,38,male,PhD,11,Operations,Junior,1,4,56,No,Delhi,3,27,94,21.75
EMP10664,27,Male,PhD,5,Marketing,Junior,4,10,5,YES,Mumbai,5,21,94,23.2
EMP10665,51,Female,Diploma,26,Finance,Junior,2,7,47,YES,Pune,2,17,72,22.52
EMP10666,48,male,Bachelor,27,Operations,Senior,4,8,1,No,Chennai,4.3,18,90,32.31
EMP10667,26,FEMALE,Diploma,3,Finance,Manager,1,5,5,YES,Pune,0.4,14,51,25
EMP10668,38,Male,Bachelor,10,IT,Junior,1,3,60,Yes,Mumbai,1.9,3,50,12.51
EMP10669,56,Male,PhD,35,IT,Mid,5,0,59,Yes,Delhi,1.8,2,74,36.14
EMP10670,,male,Master,20,Finance,Mid,1,5,50,no,Hyderabad,3.8,10,68,21.18
EMP10671,,male,Diploma,31,HR,Junior,4,7,54,YES,Bangalore,5.8,25,94,23.14
EMP10672,52,Male,Master,,Operations,Lead,3,6,30,Yes,Bangalore,2.6,30,67,44.23
EMP10673,,Female,Diploma,20,Operations,Mid,5,8,30,YES,Mumbai,0.2,8,58,19.08
EMP10674,37,Male,Master,9,Marketing,Lead,3,8,51,YES,Hyderabad,10.6,5,69,27.02
EMP10675,35,FEMALE,Master,13,IT,Mid,2,3,41,no,Chennai,11,29,80,23.91
EMP10676,29,FEMALE,Master,3,Operations,Lead,5,10,34,No,Chennai,13.5,10,62,25.58
EMP10677,56,Male,Diploma,28,Operations,Mid,5,4,9,No,Mumbai,13.7,9,56,22.54
EMP10678,43,FEMALE,Diploma,,Marketing,Lead,5,6,28,No,Chennai,4.6,19,54,25.4
EMP10679,51,Female,PhD,30,Marketing,Senior,2,3,43,no,Bangalore,0.8,13,51,34.69
EMP10680,48,Male,PhD,,Finance,Junior,3,9,34,Yes,Chennai,6.4,22,69,30.24
EMP10681,,Female,Master,2,IT,Senior,3,2,46,YES,Mumbai,13.8,24,90,25.31
EMP10682,55,Female,Diploma,28,Operations,Lead,1,2,37,no,Mumbai,9.6,30,68,32.4
EMP10683,45,Male,Master,17,HR,Lead,3,7,17,Yes,Delhi,4.8,20,68,32.89
EMP10684,,Female,Bachelor,6,Finance,Manager,3,9,33,Yes,Chennai,4.1,6,73,33.66
EMP10685,38,male,PhD,11,HR,Senior,5,8,54,Yes,Hyderabad,7.5,24,60,27.57
EMP10686,54,FEMALE,Bachelor,30,Operations,Manager,3,10,37,No,Chennai,0.1,19,75,44.43
EMP10687,41,FEMALE,Diploma,15,Finance,Lead,3,7,50,Yes,Delhi,14.2,22,56,28.98
EMP10688,28,FEMALE,PhD,0,Sales,Lead,4,2,58,Yes,Bangalore,9.6,13,89,27.7
EMP10689,27,Male,Diploma,4,Finance,Lead,1,10,15,Yes,Bangalore,12.7,12,72,23.91
EMP10690,53,FEMALE,Master,31,Marketing,Manager,4,4,40,YES,Pune,4.6,17,84,45.8
EMP10691,25,male,Master,0,HR,Junior,3,3,46,no,Chennai,1.6,20,63,15.41
EMP10692,51,Female,Master,24,IT,Lead,1,7,51,Yes,Bangalore,1.7,18,63,37.74
EMP10693,35,male,Master,8,Operations,Senior,3,1,35,Yes,Hyderabad,3.5,15,52,24.07
EMP10694,54,FEMALE,Diploma,26,Finance,Mid,5,3,48,Yes,Pune,3.3,2,64,23.67
EMP10695,34,Male,Master,13,HR,Manager,5,1,17,no,Pune,6.6,29,80,38.46
EMP10696,34,male,Bachelor,6,HR,Lead,3,5,1,Yes,Mumbai,1.1,14,74,24.24
EMP10697,50,Male,PhD,25,Operations,Junior,4,4,60,no,Mumbai,11.8,3,86,28.76
EMP10698,37,FEMALE,PhD,9,Marketing,Manager,2,6,1,Yes,Pune,14,7,83,40.51
EMP10699,50,FEMALE,Diploma,24,Finance,Manager,1,6,24,No,Delhi,6.5,20,65,39.96
EMP10700,29,male,Bachelor,4,IT,Mid,2,8,1,no,Chennai,0,4,71,11.63
EMP10701,42,male,PhD,16,Operations,Manager,2,6,28,no,Pune,1.8,14,82,127.98
EMP10702,53,Female,Master,32,Finance,Senior,4,3,60,no,Pune,5.2,11,81,35.42
EMP10703,53,Female,Master,29,Sales,Manager,2,8,54,No,Mumbai,0.5,6,65,45.1
EMP10704,44,male,Bachelor,16,Operations,Manager,1,7,17,No,Hyderabad,6.8,17,86,35.7
EMP10705,59,male,Bachelor,34,Marketing,Manager,2,0,14,Yes,Mumbai,11.6,22,100,45.83
EMP10706,24,FEMALE,Master,1,Finance,Manager,2,9,6,YES,Delhi,11.3,22,50,30.53
EMP10707,24,Male,PhD,0,Marketing,Junior,1,3,49,no,Bangalore,1.5,21,75,13.23
EMP10708,26,Female,Bachelor,0,Operations,Junior,4,7,26,YES,Bangalore,0,1,98,11.59
EMP10709,44,Female,Bachelor,16,Operations,Senior,3,5,56,Yes,Hyderabad,4.4,3,79,25.9
EMP10710,49,male,Master,26,Marketing,Mid,1,9,33,no,Bangalore,12.6,30,97,30.79
EMP10711,38,Female,Diploma,11,Operations,Manager,2,0,37,no,Mumbai,4.8,25,64,30.72
EMP10712,39,Male,Bachelor,18,Operations,Manager,4,1,34,no,Hyderabad,11.4,1,70,109.62
EMP10713,49,Male,PhD,23,Operations,Lead,5,0,50,Yes,Hyderabad,7.1,21,65,39.19
EMP10714,46,Female,Master,18,Marketing,Mid,4,0,35,YES,Chennai,14,11,66,22.86
EMP10715,43,Female,Bachelor,16,Sales,Mid,4,4,6,Yes,Chennai,7.6,2,95,26.45
EMP10716,22,Male,Bachelor,,Operations,Mid,2,0,36,no,Delhi,12.4,22,81,11.79
EMP10717,40,male,Diploma,19,Sales,Lead,5,9,5,No,Delhi,11.9,6,94,30.68
EMP10718,47,male,Bachelor,25,Sales,Manager,1,3,44,no,Bangalore,12.8,27,54,37.89
EMP10719,22,Male,Bachelor,0,HR,Junior,2,0,15,YES,Hyderabad,14.7,23,65,9.1
EMP10720,35,Male,PhD,12,Marketing,Manager,5,1,32,YES,Hyderabad,14.1,23,56,41.87
EMP10721,23,Female,Bachelor,1,Marketing,Mid,2,10,6,no,Bangalore,12.3,29,63,17.13
EMP10722,30,Female,PhD,3,Sales,Junior,2,1,29,YES,Pune,12.2,30,66,18.02
EMP10723,53,FEMALE,Master,31,Sales,Senior,3,9,50,Yes,Pune,9.6,24,65,33.47
EMP10724,47,Female,Diploma,23,Finance,Senior,1,10,49,Yes,Pune,7.1,4,99,30.57
EMP10725,27,male,Master,2,IT,Lead,1,6,59,YES,Chennai,0.4,26,,28.23
EMP10726,58,FEMALE,Diploma,37,Sales,Manager,5,7,39,no,Delhi,3.1,1,66,45.12
EMP10727,44,male,Diploma,19,Operations,Senior,1,1,31,Yes,Pune,7.3,30,73,25.81
EMP10728,50,Male,Diploma,22,Marketing,Mid,2,10,20,Yes,Delhi,8.2,23,78,23.49
EMP10729,,Male,Bachelor,22,Operations,Mid,5,0,17,No,Chennai,10.9,20,86,22.83
EMP10730,34,Female,PhD,13,Operations,Junior,5,3,17,Yes,Mumbai,7.5,24,,77.04
EMP10731,29,Male,PhD,4,IT,Senior,3,4,54,Yes,Bangalore,11.2,20,75,21.98
EMP10732,48,Female,Bachelor,-2,Marketing,Senior,2,4,2,YES,Bangalore,5.3,10,68,27.67
EMP10733,37,FEMALE,PhD,13,Finance,Lead,1,0,55,no,Mumbai,5.1,11,98,33.17
EMP10734,56,Male,Master,31,Finance,Junior,4,7,60,Yes,Mumbai,11.2,1,98,30.57
EMP10735,45,Male,Diploma,23,IT,Manager,2,7,28,YES,Mumbai,7,6,65,40.89
EMP10736,34,Male,Diploma,11,Operations,Senior,2,9,13,YES,Hyderabad,4.4,26,94,23.48
EMP10737,40,Male,PhD,13,Finance,Lead,3,3,3,no,Mumbai,10.7,11,51,30.61
EMP10738,32,FEMALE,Bachelor,10,HR,Manager,4,0,12,YES,Pune,9.3,30,83,30.1
EMP10739,46,male,Bachelor,21,Operations,Senior,4,3,39,Yes,Mumbai,0.6,9,72,28.94
EMP10740,22,FEMALE,Bachelor,0,IT,Junior,4,10,45,Yes,Bangalore,9,12,89,11.13
EMP10741,22,male,Master,0,Operations,Mid,4,2,33,No,Mumbai,14.1,14,55,12.52
EMP10742,38,Female,PhD,14,HR,Manager,4,10,53,No,Pune,9,19,89,43.34
EMP10743,27,Male,Master,0,IT,Mid,3,5,19,no,Pune,13,11,86,18.07
EMP10744,31,male,Diploma,4,Operations,Senior,3,9,4,Yes,Bangalore,10.6,5,58,18.21
EMP10745,35,male,Bachelor,12,Finance,Manager,5,5,16,No,Hyderabad,7.8,8,70,35.9
EMP10746,44,Male,Bachelor,19,Sales,Junior,3,6,13,No,Delhi,4,10,61,20.81
EMP10747,58,male,Master,34,Finance,Lead,2,8,9,No,Hyderabad,10.9,17,52,121.62
EMP10748,32,Male,Master,5,Finance,Senior,4,9,12,YES,Pune,10.6,21,71,20.43
EMP10749,24,FEMALE,Bachelor,2,Operations,Mid,5,2,1,YES,Mumbai,1.8,10,83,14.7
EMP10750,,male,Master,4,Operations,Mid,1,8,1,no,Mumbai,7.9,11,85,16.55
EMP10751,30,FEMALE,PhD,5,Sales,Lead,4,7,35,Yes,Hyderabad,1.3,12,63,31.51
EMP10752,42,Female,Bachelor,17,IT,Manager,4,1,29,No,Hyderabad,14,24,72,38.69
EMP10753,27,Male,Master,6,Operations,Junior,1,9,37,Yes,Bangalore,12.5,29,93,20.27
EMP10754,26,male,PhD,5,HR,Manager,3,1,37,no,Bangalore,7.3,10,57,33.81
EMP10755,41,male,Bachelor,13,Finance,Senior,5,8,38,No,Pune,7.3,27,67,25.24
EMP10756,47,FEMALE,PhD,25,Marketing,Manager,1,3,41,YES,Bangalore,0.9,26,74,46.93
EMP10757,150,Female,Diploma,4,Marketing,Mid,2,8,51,No,Mumbai,6.4,23,78,16.22
EMP10758,53,Female,PhD,28,HR,Mid,2,1,46,no,Delhi,6.3,2,69,99.84
EMP10759,55,Female,Master,32,HR,Junior,2,5,17,Yes,Chennai,5,24,57,26.79
EMP10760,30,Female,Master,3,HR,Senior,4,0,10,YES,Bangalore,13,26,85,21.3
EMP10761,53,Male,PhD,26,Finance,Lead,5,7,24,YES,Bangalore,4.3,19,,38.95
EMP10762,43,male,Diploma,20,Operations,Manager,1,7,33,No,Hyderabad,0.8,8,67,29.59
EMP10763,25,Male,PhD,,Sales,Lead,5,2,28,YES,Delhi,3.3,8,61,29.24
EMP10764,38,male,PhD,13,Marketing,Mid,5,5,11,YES,Chennai,1.2,5,56,25.06
EMP10765,46,Female,PhD,24,Marketing,Lead,4,6,39,no,Bangalore,11.2,9,81,40.13
EMP10766,31,male,Bachelor,9,IT,Mid,4,8,52,No,Delhi,4.7,15,91,18.09
EMP10767,27,Male,Bachelor,0,HR,Mid,4,2,14,No,Hyderabad,2.8,21,,10.66
EMP10768,46,FEMALE,PhD,21,Operations,Senior,5,6,28,no,Bangalore,6.8,13,94,34.67
EMP10769,47,FEMALE,PhD,20,Marketing,Mid,5,6,58,Yes,Pune,3.1,29,53,30.13
EMP10770,45,Female,Bachelor,21,HR,Junior,4,9,36,No,Delhi,4.5,1,77,22.04
EMP10771,29,Female,Diploma,5,HR,Manager,5,5,51,YES,Bangalore,5.8,24,84,29.66
EMP10772,58,Male,Bachelor,34,Finance,Manager,5,0,6,YES,Delhi,10.5,8,86,47.69
EMP10773,30,FEMALE,Diploma,7,Finance,Mid,1,5,14,no,Delhi,1,19,100,14.91
EMP10774,54,Female,Bachelor,30,Finance,Mid,5,2,8,No,Delhi,13,18,92,26.15
EMP10775,55,male,Master,29,Operations,Mid,1,6,33,no,Mumbai,11.3,4,78,26.31
EMP10776,35,Female,Diploma,,Finance,Mid,2,3,4,Yes,Chennai,4.3,1,88,20.78
EMP10777,52,FEMALE,Diploma,30,Marketing,Mid,1,10,26,No,Delhi,13,14,91,88.32
EMP10778,24,Male,Diploma,3,Finance,Mid,3,8,3,Yes,Delhi,7.6,2,98,13.68
EMP10779,44,Male,Diploma,16,Operations,Lead,3,10,33,no,Pune,12.9,17,75,32.59
EMP10780,35,FEMALE,PhD,-2,IT,Senior,4,3,2,No,Mumbai,10.5,22,99,31.78
EMP10781,32,Male,PhD,5,Sales,Lead,5,7,3,no,Delhi,13.2,26,72,31.57
EMP10782,41,Male,Bachelor,14,Finance,Senior,1,1,36,YES,Pune,12.9,30,94,27.73
EMP10783,38,Male,PhD,12,HR,Senior,4,3,19,Yes,Bangalore,11.7,13,93,28.77
EMP10784,24,male,Diploma,1,Operations,Lead,2,1,4,no,Pune,0.1,10,90,20.55
EMP10785,33,male,Master,6,HR,Junior,5,9,9,YES,Chennai,3.8,27,100,18.1
EMP10786,59,male,PhD,33,Sales,Manager,5,4,48,no,Delhi,0.3,5,80,49.64
EMP10787,58,FEMALE,Bachelor,35,Marketing,Lead,3,3,49,No,Delhi,0.2,14,82,42.16
EMP10788,56,male,Master,34,Marketing,Manager,4,9,30,YES,Chennai,13.3,1,56,46.41
EMP10789,47,Male,Master,22,Operations,Lead,4,7,45,No,Pune,7.6,20,87,37.87
EMP10790,26,FEMALE,PhD,5,IT,Mid,5,2,32,YES,Pune,15,3,91,19.88
EMP10791,41,Male,Diploma,18,Finance,Mid,1,7,2,Yes,Mumbai,11,13,87,24.62
EMP10792,26,Male,Bachelor,3,Marketing,Lead,5,0,22,Yes,Chennai,11.9,29,51,24
EMP10793,39,Male,Master,16,Sales,Mid,2,9,58,no,Bangalore,8.1,17,76,23.76
EMP10794,,male,PhD,33,Operations,Manager,1,4,38,Yes,Delhi,13,22,56,44.75
EMP10795,37,Female,Bachelor,10,Finance,Lead,4,7,44,YES,Bangalore,0.8,25,54,28.25
EMP10796,44,Female,Bachelor,18,Marketing,Junior,5,1,41,No,Delhi,14.9,12,,18.71
EMP10797,37,Male,Diploma,11,HR,Senior,3,2,22,No,Mumbai,5.8,15,81,24.29
EMP10798,44,FEMALE,Diploma,20,Finance,Senior,5,2,21,no,Hyderabad,11.9,13,61,24.12
EMP10799,40,Male,Bachelor,19,IT,Manager,5,0,44,Yes,Mumbai,7.6,15,81,38.69
EMP10800,38,male,Master,10,Marketing,Manager,3,1,58,YES,Hyderabad,2.1,29,67,40.46
EMP10801,28,FEMALE,Bachelor,2,HR,Manager,2,6,35,Yes,Chennai,1.4,6,58,27.88
EMP10802,55,Male,Master,33,Finance,Mid,5,3,38,Yes,Delhi,14.5,25,77,33.85
EMP10803,32,male,Master,10,IT,Senior,3,5,30,YES,Delhi,4.1,20,87,27.1
EMP10804,51,Female,PhD,27,Marketing,Lead,2,4,43,YES,Chennai,2.9,6,61,37.51
EMP10805,59,FEMALE,PhD,37,Marketing,Lead,2,9,14,Yes,Bangalore,8.6,26,66,47.57
EMP10806,51,Female,Master,28,Finance,Junior,4,10,54,No,Mumbai,7.4,2,55,23.04
EMP10807,58,Male,Master,33,Sales,Lead,2,2,33,YES,Delhi,12.6,14,55,38.05
EMP10808,23,male,Bachelor,0,IT,Senior,2,2,2,Yes,Chennai,1,29,97,22.61
EMP10809,37,Female,Bachelor,10,Sales,Lead,5,7,1,YES,Hyderabad,1.9,7,73,26.96
EMP10810,25,Female,Bachelor,0,Finance,Mid,2,8,26,No,Mumbai,7.6,21,,13.84
EMP10811,58,Female,Bachelor,34,HR,Senior,3,2,2,No,Pune,6.7,5,89,31.68
EMP10812,45,Male,Master,17,IT,Mid,5,3,45,no,Bangalore,12.7,27,55,27.12
EMP10813,37,male,Diploma,,IT,Manager,1,2,16,YES,Chennai,10.5,25,62,28.84
EMP10814,46,Female,PhD,20,Sales,Manager,3,6,2,YES,Chennai,4.4,26,61,42.04
EMP10815,44,Male,PhD,19,Marketing,Mid,4,6,38,no,Pune,0.8,25,94,32.18
EMP10816,53,male,PhD,32,IT,Manager,5,2,2,no,Delhi,3.9,26,60,49.59
EMP10817,27,FEMALE,Bachelor,2,IT,Lead,2,9,51,YES,Mumbai,7.8,8,80,24.57
EMP10818,22,FEMALE,Diploma,0,Operations,Junior,1,3,56,Yes,Pune,0.8,16,74,5.45
EMP10819,32,Female,Master,,Marketing,Senior,1,10,5,YES,Hyderabad,10.6,27,95,26.56
EMP10820,42,male,Bachelor,18,Finance,Senior,1,0,28,YES,Delhi,7.5,17,82,26.89
EMP10821,42,FEMALE,Bachelor,20,Finance,Lead,5,6,17,YES,Pune,9.6,21,86,31.19
EMP10822,30,Female,Master,3,Sales,Lead,2,10,47,No,Chennai,15,23,82,27.52
EMP10823,36,Female,Bachelor,10,Operations,Junior,3,1,27,no,Hyderabad,7.9,13,90,17
EMP10824,48,Female,PhD,-2,HR,Mid,5,3,23,no,Mumbai,9.6,30,94,32.21
EMP10825,47,Female,Diploma,25,Finance,Mid,2,4,58,YES,Chennai,5.8,23,77,26.37
EMP10826,46,Male,PhD,18,Sales,Senior,3,8,28,no,Delhi,12.9,26,100,35.41
EMP10827,59,male,Diploma,35,IT,Mid,3,7,28,no,Pune,14,1,87,30.52
EMP10828,-4,male,Diploma,14,Operations,Lead,2,10,35,YES,Hyderabad,12.3,18,50,29.13
EMP10829,55,male,Master,32,Marketing,Manager,4,6,0,Yes,Hyderabad,13.7,6,69,45.27
EMP10830,38,Female,PhD,12,Sales,Junior,4,9,4,No,Mumbai,12.9,2,87,22.03
EMP10831,51,FEMALE,Master,29,Sales,Senior,2,3,53,no,Mumbai,14,15,,33.87
EMP10832,41,FEMALE,Diploma,16,Marketing,Lead,2,5,43,No,Hyderabad,0.9,5,64,28.1
EMP10833,36,FEMALE,Bachelor,15,Finance,Senior,5,2,51,Yes,Mumbai,10.7,13,65,23.19
EMP10834,47,male,Diploma,21,Sales,Mid,2,9,58,YES,Pune,2.1,25,60,22.22
EMP10835,28,FEMALE,Master,0,Marketing,Senior,1,4,6,YES,Mumbai,2.9,21,57,18.74
EMP10836,49,FEMALE,PhD,21,Operations,Senior,1,9,9,no,Delhi,8.7,16,85,36.16
EMP10837,40,Female,Bachelor,15,IT,Mid,5,5,6,YES,Pune,8.8,8,78,24.26
EMP10838,53,Male,Diploma,32,HR,Mid,1,8,26,Yes,Chennai,4.1,26,78,28.53
EMP10839,48,Male,Diploma,24,Marketing,Lead,5,4,41,no,Bangalore,3.1,4,90,34.69
EMP10840,21,Female,Diploma,0,Sales,Junior,2,9,51,Yes,Delhi,5.1,29,52,10.6
EMP10841,26,male,PhD,1,HR,Senior,2,5,52,no,Pune,11.7,26,67,25.43
EMP10842,40,Male,Bachelor,19,Marketing,Mid,1,0,58,Yes,Pune,14.4,20,94,24.04
EMP10843,50,male,Master,29,Finance,Senior,3,6,10,no,Chennai,3.3,12,94,35.62
EMP10844,48,FEMALE,Bachelor,24,HR,Manager,3,0,50,no,Delhi,3.5,16,64,37.81
EMP10845,54,Female,Master,31,Finance,Senior,1,9,50,Yes,Delhi,13.7,5,84,31.03
EMP10846,46,male,PhD,25,Sales,Senior,5,1,40,No,Chennai,9.2,4,,33.06
EMP10847,56,Female,Master,,IT,Junior,4,0,59,YES,Delhi,2.8,16,79,25.66
EMP10848,21,FEMALE,Master,0,Marketing,Lead,3,5,23,no,Bangalore,9.7,20,86,24.88
EMP10849,56,Female,Master,32,Finance,Junior,4,3,51,Yes,Hyderabad,12.3,18,65,28.67
EMP10850,41,FEMALE,Master,17,Finance,Mid,4,6,46,no,Delhi,4,22,75,29.54
EMP10851,41,FEMALE,Bachelor,20,Operations,Mid,4,2,8,no,Mumbai,6.4,17,,28.17
EMP10852,59,Female,Bachelor,,IT,Senior,3,3,1,YES,Chennai,1.6,19,86,35.23
EMP10853,38,Female,Master,10,Sales,Manager,4,6,13,Yes,Chennai,6.6,3,54,35.2
EMP10854,53,FEMALE,Bachelor,29,Sales,Mid,4,1,8,no,Bangalore,4.1,29,99,31.06
EMP10855,34,male,Master,13,Finance,Manager,2,3,17,Yes,Pune,6.9,17,93,39.67
EMP10856,40,Female,Bachelor,18,Marketing,Junior,1,8,37,Yes,Bangalore,1.2,23,63,19.83
EMP10857,53,FEMALE,Master,29,HR,Senior,4,4,7,Yes,Mumbai,7.5,12,54,31.18
EMP10858,32,FEMALE,Bachelor,7,HR,Junior,3,9,56,No,Bangalore,3.9,9,75,14.44
EMP10859,22,male,Master,0,Sales,Lead,3,3,24,no,Chennai,10.6,7,93,28.26
EMP10860,22,Male,Diploma,0,IT,Senior,2,4,57,YES,Pune,0.9,10,92,18.49
EMP10861,45,Female,PhD,23,Marketing,Junior,5,6,5,No,Chennai,8.7,3,62,26.34
EMP10862,44,Female,Master,19,IT,Lead,3,9,48,no,Bangalore,13.3,17,85,35
EMP10863,22,Female,PhD,,Operations,Mid,2,9,17,no,Bangalore,2.2,8,95,17.98
EMP10864,50,FEMALE,Diploma,28,Operations,Manager,3,7,33,no,Pune,2.4,9,100,43.36
EMP10865,40,Male,Master,12,HR,Senior,1,2,4,Yes,Mumbai,5.2,8,68,21.49
EMP10866,49,Female,Master,22,Operations,Lead,4,8,32,YES,Hyderabad,6.6,19,82,41.73
EMP10867,36,FEMALE,Diploma,9,IT,Mid,2,7,4,YES,Pune,6.6,21,54,19.6
EMP10868,35,Male,Diploma,10,Sales,Mid,4,0,42,no,Delhi,6.7,11,67,18.74
EMP10869,50,FEMALE,Bachelor,28,IT,Junior,5,6,32,No,Delhi,7.2,1,98,27.02
EMP10870,58,FEMALE,Master,36,HR,Junior,2,10,40,Yes,Pune,7.4,10,66,29.72
EMP10871,49,Female,Master,27,IT,Junior,2,6,11,Yes,Hyderabad,9.5,22,100,27.06
EMP10872,45,male,Bachelor,,HR,Lead,5,8,9,no,Hyderabad,11.7,27,58,31.95
EMP10873,35,male,Bachelor,11,Operations,Junior,2,8,12,No,Chennai,14,26,83,17.56
EMP10874,26,FEMALE,Master,0,Finance,Junior,1,2,2,YES,Mumbai,6.4,9,61,9.22
EMP10875,25,male,PhD,2,Marketing,Mid,3,8,29,YES,Pune,7.2,1,76,20.07
EMP10876,57,Female,PhD,32,Marketing,Senior,3,5,35,Yes,Delhi,14.9,26,95,38.24
EMP10877,49,male,Bachelor,,Sales,Lead,4,9,40,no,Hyderabad,0.3,10,98,37.23
EMP10878,22,Female,Diploma,,Finance,Manager,2,5,30,Yes,Mumbai,12.4,26,140,28.85
EMP10879,23,Male,Master,1,HR,Manager,1,0,52,no,Hyderabad,9.3,26,67,33.47
EMP10880,21,Female,Bachelor,0,Operations,Manager,3,9,58,YES,Chennai,6.1,12,85,29.48
EMP10881,48,Male,Master,23,Operations,Lead,1,10,39,Yes,Hyderabad,5.1,3,61,33.3
EMP10882,42,Male,Diploma,15,HR,Junior,5,8,20,No,Pune,14.3,3,76,17.96
EMP10883,22,Male,Diploma,0,HR,Lead,1,6,29,no,Bangalore,6,19,77,22.04
EMP10884,22,male,PhD,0,Marketing,Manager,1,10,34,Yes,Mumbai,0.7,5,70,40.2
EMP10885,25,Male,Master,1,Marketing,Mid,5,4,28,Yes,Mumbai,10.7,29,87,17.83
EMP10886,52,Male,Bachelor,30,IT,Lead,1,8,2,YES,Chennai,9.7,19,54,36.78
EMP10887,33,male,PhD,10,Operations,Senior,4,8,56,Yes,Bangalore,14.4,12,79,29.43
EMP10888,33,Male,Diploma,12,IT,Senior,3,4,19,Yes,Pune,7.5,24,89,22.13
EMP10889,53,Female,Bachelor,,Finance,Manager,2,3,59,No,Pune,12.2,20,61,39.49
EMP10890,29,FEMALE,Bachelor,1,Operations,Manager,2,6,49,Yes,Delhi,9.3,27,,31.41
EMP10891,35,FEMALE,Master,11,Operations,Lead,1,4,21,Yes,Mumbai,4.8,10,73,28.26
EMP10892,24,male,Bachelor,2,Marketing,Mid,5,6,15,No,Chennai,6.8,26,67,19.3
EMP10893,49,male,PhD,22,Sales,Senior,5,0,32,YES,Delhi,12.2,17,72,34.62
EMP10894,34,Female,PhD,9,Operations,Lead,4,2,52,No,Hyderabad,7.4,13,67,31.91
EMP10895,43,male,PhD,,Operations,Manager,1,6,39,no,Hyderabad,6.1,1,81,46.53
EMP10896,47,Male,PhD,21,IT,Lead,3,7,36,YES,Mumbai,7.9,25,,37.33
EMP10897,30,Male,Diploma,8,HR,Manager,5,10,26,YES,Hyderabad,11.7,29,79,35.18
EMP10898,32,male,Bachelor,9,Sales,Mid,1,4,49,No,Bangalore,4.9,16,66,13.46
EMP10899,52,Female,Diploma,31,Finance,Junior,3,3,24,No,Hyderabad,3.1,28,87,27.85
EMP10900,53,Female,Master,26,Marketing,Senior,1,4,5,YES,Pune,13.8,15,64,29.97
EMP10901,46,Female,Master,25,Marketing,Junior,2,5,6,Yes,Chennai,5.3,26,80,26.99
EMP10902,52,Male,Master,31,HR,Lead,4,9,47,YES,Chennai,1.9,22,76,40.73
EMP10903,45,Male,Diploma,22,Finance,Manager,4,1,45,YES,Bangalore,4,26,58,38.78
EMP10904,39,Female,Master,13,Finance,Lead,5,2,42,Yes,Bangalore,15,17,97,30.77
EMP10905,59,Male,PhD,35,Sales,Junior,3,10,36,YES,Delhi,3,29,99,34.65
EMP10906,40,Female,Bachelor,13,Marketing,Senior,4,3,21,No,Mumbai,14,23,75,23.15
EMP10907,31,Male,Diploma,7,Finance,Lead,2,10,7,No,Delhi,13.1,5,67,24.16
EMP10908,30,Female,PhD,7,Finance,Senior,1,2,10,YES,Pune,8.7,12,52,21.38
EMP10909,59,Male,Diploma,33,Marketing,Lead,4,10,38,no,Mumbai,3,10,92,40
EMP10910,52,FEMALE,Master,30,Finance,Junior,5,4,3,No,Delhi,0.9,8,58,26.06
EMP10911,55,FEMALE,Bachelor,30,Marketing,Lead,5,9,17,no,Pune,0.8,19,98,46.42
EMP10912,,Female,Bachelor,0,Marketing,Manager,4,1,1,No,Mumbai,10.8,29,66,32.58
EMP10913,,Male,Diploma,25,Finance,Senior,4,0,31,Yes,Hyderabad,11.8,19,73,29.54
EMP10914,54,Female,PhD,26,Sales,Lead,3,5,53,YES,Hyderabad,2.1,18,93,44.42
EMP10915,32,male,Master,11,Operations,Manager,3,7,59,No,Bangalore,0,21,83,34.49
EMP10916,49,Female,Master,27,Finance,Manager,4,10,17,no,Delhi,4.7,28,73,46.28
EMP10917,28,male,Diploma,6,HR,Mid,5,4,7,No,Mumbai,3.7,4,54,13.13
EMP10918,28,Female,Diploma,1,Operations,Junior,2,8,36,No,Bangalore,12,8,77,8.83
EMP10919,59,Male,Master,33,Sales,Junior,4,4,49,YES,Mumbai,14.3,10,67,27.89
EMP10920,58,Female,PhD,34,IT,Lead,5,2,43,No,Hyderabad,2.6,10,69,38.9
EMP10921,,FEMALE,Bachelor,,Marketing,Manager,4,10,39,No,Hyderabad,13,7,72,38.36
EMP10922,38,Male,Diploma,17,Marketing,Lead,5,9,24,YES,Mumbai,10.8,12,74,31.03
EMP10923,39,male,Bachelor,12,Sales,Junior,3,7,9,Yes,Pune,6,19,68,20.38
EMP10924,34,male,PhD,13,IT,Junior,2,2,29,YES,Chennai,7.8,5,90,23.95
EMP10925,38,FEMALE,Diploma,15,Sales,Junior,2,5,5,No,Mumbai,1.5,8,93,13.78
EMP10926,29,male,PhD,2,Operations,Manager,2,0,9,no,Bangalore,8.9,23,57,36.43
EMP10927,57,FEMALE,Diploma,31,HR,Mid,4,0,46,Yes,Delhi,12.7,8,94,29.69
EMP10928,53,male,Diploma,27,Marketing,Mid,5,0,7,no,Hyderabad,14.5,2,58,23.27
EMP10929,43,male,PhD,20,IT,Mid,2,6,14,YES,Hyderabad,4.8,20,99,29.67
EMP10930,44,Male,Master,22,Marketing,Mid,3,7,38,YES,Hyderabad,7.3,17,95,29.93
EMP10931,58,Female,PhD,30,Marketing,Junior,5,10,27,No,Hyderabad,5.5,15,93,36.36
EMP10932,49,Male,Master,28,Operations,Lead,1,0,28,no,Pune,8.4,26,70,36.98
EMP10933,25,Female,Bachelor,3,HR,Lead,3,8,12,no,Delhi,8.2,25,96,27.37
EMP10934,32,Female,Master,10,Sales,Manager,1,0,48,No,Chennai,14.7,30,85,37.48
EMP10935,59,Female,Bachelor,34,Marketing,Manager,2,6,55,No,Mumbai,2.5,24,53,44.76
EMP10936,55,Female,Master,30,HR,Manager,4,5,42,No,Chennai,12.1,20,65,46.7
EMP10937,27,Male,Master,1,Marketing,Junior,5,10,55,No,Delhi,8.9,29,88,16.49
EMP10938,59,male,Master,37,Operations,Mid,2,7,8,no,Bangalore,6.9,13,62,32.41
EMP10939,56,male,PhD,35,Finance,Senior,4,0,1,No,Mumbai,7,29,99,37.76
EMP10940,51,Male,Bachelor,,HR,Junior,1,3,41,YES,Pune,10,9,72,22.37
EMP10941,28,Male,Bachelor,0,HR,Manager,3,8,12,YES,Pune,10.8,13,80,32.42
EMP10942,59,FEMALE,Diploma,32,HR,Lead,3,6,36,YES,Delhi,12.5,22,57,38.43
EMP10943,37,Female,Bachelor,13,Finance,Lead,3,0,45,No,Chennai,2.1,12,97,31.99
EMP10944,28,Male,Bachelor,1,IT,Mid,4,9,60,YES,Chennai,10.3,27,,17.72
EMP10945,40,Female,PhD,12,Operations,Mid,1,2,55,No,Mumbai,4.9,6,87,25.23
EMP10946,46,FEMALE,Diploma,19,Finance,Mid,4,6,16,YES,Delhi,1.9,7,91,22.09
EMP10947,32,Male,PhD,4,Finance,Mid,1,6,17,no,Chennai,12,6,93,19.9
EMP10948,58,Male,Master,30,Marketing,Lead,1,4,17,Yes,Mumbai,5.8,25,81,39.32
EMP10949,46,FEMALE,PhD,22,IT,Lead,3,9,55,Yes,Pune,7.4,21,77,42.96
EMP10950,43,Female,PhD,22,Operations,Manager,2,10,28,YES,Bangalore,7.9,14,71,46.98
EMP10951,28,FEMALE,PhD,5,Sales,Lead,4,2,13,No,Hyderabad,8.9,18,83,31.4
EMP10952,51,Female,PhD,28,Marketing,Senior,4,1,49,no,Bangalore,15,17,72,36.87
EMP10953,27,Male,PhD,1,Operations,Junior,1,2,58,No,Delhi,0.6,2,98,17.98
EMP10954,37,FEMALE,Bachelor,14,Finance,Lead,2,2,19,Yes,Hyderabad,10.5,13,93,27.74
EMP10955,47,Female,Bachelor,24,Marketing,Lead,3,0,35,no,Mumbai,10.9,10,60,32.75
EMP10956,,Female,Diploma,30,Sales,Senior,5,0,39,Yes,Mumbai,8.1,12,70,29.57
EMP10957,39,male,Diploma,16,Operations,Junior,2,4,50,Yes,Chennai,6.1,15,55,14.46
EMP10958,59,FEMALE,PhD,31,Marketing,Manager,1,0,11,no,Pune,1,7,95,46.46
EMP10959,21,Female,Diploma,0,Sales,Mid,4,4,36,No,Delhi,13.4,23,74,13.56
EMP10960,49,FEMALE,Bachelor,23,Operations,Mid,1,6,57,YES,Bangalore,12.6,9,61,20.83
EMP10961,55,Female,Master,28,Sales,Lead,4,3,27,Yes,Mumbai,13.7,23,68,37.79
EMP10962,36,male,Bachelor,15,IT,Mid,4,1,6,Yes,Delhi,1.4,29,62,21.65
EMP10963,51,Male,PhD,29,Finance,Lead,1,10,33,no,Delhi,3.4,11,78,40.61
EMP10964,33,FEMALE,Bachelor,8,Marketing,Mid,1,4,43,no,Mumbai,11,7,87,18.52
EMP10965,,Male,PhD,3,IT,Lead,5,1,40,No,Delhi,13.5,24,55,31.1
EMP10966,49,Female,Master,26,Operations,Manager,2,2,3,Yes,Delhi,2.8,17,86,40.93
EMP10967,48,male,Bachelor,22,IT,Mid,1,8,32,Yes,Mumbai,8.4,19,55,23.14
EMP10968,53,male,Bachelor,32,Operations,Junior,5,4,19,YES,Delhi,4.4,3,67,22.87
EMP10969,34,Female,Diploma,7,IT,Junior,3,0,54,No,Chennai,0,4,86,12.15
EMP10970,45,Female,Master,23,Operations,Manager,5,3,35,no,Mumbai,12.3,21,62,43.95
EMP10971,57,male,Master,,IT,Junior,1,9,54,YES,Hyderabad,8.2,1,63,26.21
EMP10972,36,Male,PhD,10,Finance,Junior,4,7,23,YES,Delhi,7.5,19,82,20.46
EMP10973,22,male,PhD,0,IT,Mid,4,9,17,YES,Mumbai,6.6,17,76,18.98
EMP10974,33,Female,PhD,10,HR,Manager,1,7,2,Yes,Mumbai,5.8,17,79,41.22
EMP10975,55,Male,Diploma,27,Operations,Manager,4,10,16,no,Mumbai,6.7,21,72,43.67
EMP10976,54,male,Master,32,Marketing,Lead,2,10,59,YES,Hyderabad,8.1,24,61,39.47
EMP10977,43,FEMALE,Bachelor,20,Marketing,Manager,2,8,44,no,Chennai,0.9,1,55,40.65
EMP10978,45,male,Bachelor,20,HR,Manager,2,7,50,No,Mumbai,4.6,6,55,37.51
EMP10979,55,Male,Diploma,33,IT,Junior,1,3,57,No,Chennai,12.1,11,61,25.9
EMP10980,31,male,PhD,7,IT,Lead,4,0,12,No,Hyderabad,7.9,26,73,33.02
EMP10981,,male,Diploma,1,Operations,Mid,5,8,9,Yes,Hyderabad,6.7,6,64,12.91
EMP10982,23,male,Master,0,Marketing,Senior,3,3,27,Yes,Delhi,13.4,15,99,24.64
EMP10983,27,Male,Diploma,0,Sales,Senior,2,1,51,No,Chennai,6.1,2,89,16.65
EMP10984,27,FEMALE,Bachelor,1,Sales,Senior,2,4,10,no,Mumbai,8.4,24,50,22.91
EMP10985,39,FEMALE,Diploma,17,Finance,Mid,5,3,60,YES,Pune,13.4,24,53,22.42
EMP10986,38,male,PhD,17,Operations,Lead,1,7,13,YES,Bangalore,13.1,11,73,33.88
EMP10987,51,male,Diploma,24,Marketing,Mid,5,7,12,YES,Mumbai,3.8,26,51,28.18
EMP10988,31,male,Diploma,8,Sales,Mid,3,10,28,no,Bangalore,10.4,26,88,19.56
EMP10989,48,Female,Bachelor,23,Marketing,Manager,3,2,51,Yes,Chennai,12,10,63,35.08
EMP10990,52,male,Master,,Operations,Senior,2,9,50,no,Bangalore,5.4,29,91,32.62
EMP10991,22,FEMALE,Diploma,1,HR,Lead,4,10,8,YES,Hyderabad,6.1,14,98,23.35
EMP10992,39,Male,Bachelor,15,Sales,Manager,4,7,44,YES,Pune,1.5,9,71,38.05
EMP10993,38,Male,Diploma,14,IT,Mid,2,10,38,no,Chennai,6.2,19,97,18.14
EMP10994,25,male,Bachelor,0,Sales,Mid,1,2,36,YES,Chennai,13.3,22,86,13.94
EMP10995,37,Female,Bachelor,9,Marketing,Junior,2,5,7,No,Mumbai,1.3,1,51,12.43
EMP10996,38,Male,Diploma,15,Finance,Lead,1,9,23,Yes,Mumbai,2.3,5,53,29.04
EMP10997,33,Male,Master,12,Operations,Junior,5,1,60,YES,Delhi,3.6,2,97,21.48
EMP10998,,male,PhD,9,IT,Junior,2,4,8,Yes,Delhi,1.1,15,84,21.13
EMP10999,25,Female,Master,4,Sales,Mid,2,5,40,YES,Pune,8.8,24,72,17.19
EMP11000,53,Male,Master,30,Sales,Manager,4,5,36,YES,Chennai,4.3,9,78,45.08
EMP11001,34,Male,Bachelor,10,Sales,Mid,4,4,14,Yes,Bangalore,4,4,97,22.55
EMP11002,36,male,Bachelor,10,Sales,Manager,4,2,39,YES,Delhi,2.4,5,,33.44
EMP11003,38,Female,Bachelor,16,Marketing,Senior,2,6,17,Yes,Pune,6.4,21,50,21.58
EMP11004,40,FEMALE,Master,,Sales,Manager,1,1,59,Yes,Delhi,12.9,1,83,39.04
EMP11005,59,Male,Bachelor,34,Finance,Junior,2,5,19,Yes,Mumbai,6,1,54,20.61
EMP11006,51,FEMALE,PhD,24,IT,Junior,5,10,16,No,Chennai,7.9,13,63,27.62
EMP11007,31,male,PhD,7,Sales,Manager,2,2,60,No,Hyderabad,6.5,17,96,35.77
EMP11008,,Male,Diploma,0,Marketing,Lead,1,10,19,no,Pune,12.1,2,86,21.99
EMP11009,21,FEMALE,Diploma,0,Sales,Lead,4,5,57,no,Mumbai,12.9,9,71,26.42
EMP11010,30,male,Bachelor,4,HR,Mid,2,1,29,YES,Delhi,3,10,65,9.88
EMP11011,32,male,PhD,11,Operations,Mid,5,7,47,YES,Mumbai,12.8,15,93,25.94
EMP11012,31,FEMALE,PhD,6,IT,Lead,3,3,19,Yes,Bangalore,13.7,25,99,31.17
EMP11013,30,male,Master,8,Finance,Lead,2,8,45,YES,Pune,2.9,10,53,22.64
EMP11014,-4,Male,Bachelor,2,IT,Manager,1,2,60,YES,Chennai,9,6,78,29.16
EMP11015,31,FEMALE,Diploma,3,Marketing,Senior,1,7,10,no,Chennai,9.5,26,71,18.71
EMP11016,56,Female,Bachelor,29,HR,Manager,5,8,1,no,Delhi,4.6,9,77,44.06
EMP11017,33,FEMALE,PhD,,Sales,Junior,1,4,31,no,Pune,5.1,8,90,17.94
EMP11018,48,Female,Master,23,Operations,Manager,1,0,40,Yes,Pune,1.1,4,84,39.88
EMP11019,30,FEMALE,PhD,3,Marketing,Junior,3,5,11,YES,Delhi,5.4,16,84,12.48
EMP11020,23,FEMALE,Diploma,0,HR,Lead,2,3,46,Yes,Hyderabad,11.3,17,80,22.96
EMP11021,38,FEMALE,Diploma,,Finance,Manager,1,2,7,Yes,Hyderabad,0.6,3,52,28.12
EMP11022,56,Male,Diploma,35,HR,Mid,3,8,29,No,Delhi,6.2,5,,31
EMP11023,31,FEMALE,Bachelor,7,Marketing,Lead,3,4,46,no,Hyderabad,5.7,20,57,26.67
EMP11024,58,male,Bachelor,31,Operations,Mid,4,10,20,YES,Hyderabad,12.8,28,53,33.6
EMP11025,31,Male,PhD,6,IT,Senior,5,8,3,no,Delhi,9.7,13,97,25.93
EMP11026,33,Male,Bachelor,6,IT,Senior,4,9,18,Yes,Hyderabad,0.8,17,62,23.97
EMP11027,33,Female,Master,11,Sales,Junior,4,4,1,no,Bangalore,7.5,22,62,19.14
EMP11028,40,FEMALE,PhD,13,Operations,Senior,1,0,23,no,Chennai,2,13,96,29.5
EMP11029,36,Female,PhD,14,HR,Manager,1,10,7,no,Mumbai,1.4,29,61,42.03
EMP11030,53,male,Bachelor,27,Marketing,Mid,3,1,27,no,Chennai,1.9,14,79,27.89
EMP11031,53,Female,Bachelor,28,Operations,Senior,4,9,45,Yes,Pune,8.7,14,93,36.48
EMP11032,45,FEMALE,Diploma,21,HR,Junior,1,2,1,no,Mumbai,7.6,1,57,14.85
EMP11033,45,FEMALE,Bachelor,19,HR,Junior,1,1,56,no,Mumbai,4.5,23,74,18.35
EMP11034,35,FEMALE,PhD,14,HR,Manager,3,5,53,no,Chennai,13.9,18,,44.8
EMP11035,38,FEMALE,PhD,15,HR,Senior,2,0,38,Yes,Pune,9.3,27,76,26.96
EMP11036,39,male,PhD,18,Operations,Mid,5,2,46,no,Delhi,0,12,79,25.27
EMP11037,40,FEMALE,Master,15,IT,Junior,3,8,57,YES,Delhi,2.5,26,51,21.88
EMP11038,38,Male,Diploma,11,Finance,Manager,3,8,12,No,Mumbai,9.1,13,64,30.62
EMP11039,24,Male,Master,3,Marketing,Lead,4,2,40,No,Bangalore,4.3,20,90,30.32
EMP11040,38,male,PhD,12,Operations,Junior,4,4,19,Yes,Mumbai,4,21,74,22.36
EMP11041,31,FEMALE,Master,3,IT,Manager,7,1,24,no,Chennai,10.3,17,63,30.89
EMP11042,28,male,Master,3,Sales,Lead,5,8,34,No,Hyderabad,7,9,79,25.1
EMP11043,36,male,Diploma,15,Operations,Manager,2,0,25,Yes,Hyderabad,13.7,16,64,36.61
EMP11044,,Male,PhD,9,HR,Manager,3,7,33,YES,Delhi,3.6,10,84,39.66
EMP11045,43,Female,Diploma,22,Finance,Senior,4,6,3,Yes,Bangalore,14.6,21,91,28.17
EMP11046,52,male,Master,28,HR,Senior,5,1,59,YES,Delhi,0.5,13,73,33
EMP11047,31,Female,Master,8,Operations,Junior,2,8,26,No,Bangalore,1.4,20,77,16.8
EMP11048,30,Female,PhD,3,HR,Senior,5,1,46,no,Hyderabad,3.5,17,55,23.82
EMP11049,32,Male,Bachelor,7,IT,Manager,4,6,9,No,Hyderabad,2.9,15,80,37.83
EMP11050,30,Female,Bachelor,2,Finance,Lead,5,6,27,no,Chennai,10.8,23,52,24.33
EMP11051,35,male,Bachelor,,Marketing,Mid,4,4,55,Yes,Mumbai,4.7,15,58,18.84
EMP11052,42,FEMALE,Master,14,IT,Junior,3,9,25,no,Pune,7.2,16,71,19.74
EMP11053,38,Female,PhD,11,Finance,Senior,2,9,7,no,Mumbai,10.1,7,72,31.58
EMP11054,29,FEMALE,PhD,2,Sales,Lead,1,9,2,Yes,Pune,9.8,21,80,30.15
EMP11055,54,male,Master,26,Finance,Lead,1,2,14,Yes,Mumbai,11.3,6,94,36.08
EMP11056,39,FEMALE,Diploma,18,Operations,Manager,4,4,53,YES,Hyderabad,12.3,15,63,34.22
EMP11057,39,male,Master,,Sales,Senior,4,8,36,no,Bangalore,11.1,6,75,28.02
EMP11058,29,Female,PhD,1,Operations,Mid,3,4,55,YES,Mumbai,2,14,77,22.21
EMP11059,44,Male,Bachelor,19,Marketing,Senior,5,10,11,Yes,Bangalore,5.2,21,76,27.81
EMP11060,48,Male,Diploma,22,IT,Lead,2,3,41,no,Delhi,4.9,4,93,30.49
EMP11061,,male,Master,25,Operations,Mid,2,8,30,No,Hyderabad,7.1,2,74,31.98
EMP11062,55,Male,Diploma,32,Marketing,Junior,1,1,53,No,Bangalore,11.4,16,88,23.58
EMP11063,23,Female,Diploma,0,IT,Junior,4,8,36,no,Delhi,11.5,8,87,10.4
EMP11064,46,male,Bachelor,19,Operations,Junior,2,5,13,YES,Pune,13.7,19,79,21.43
EMP11065,,male,PhD,0,Operations,Junior,3,3,57,no,Chennai,14.2,2,72,15.21
EMP11066,58,male,Master,37,HR,Senior,4,10,10,Yes,Bangalore,1.6,17,56,34.08
EMP11067,47,male,PhD,20,Sales,Lead,1,10,59,YES,Bangalore,4.5,22,,38.21
EMP11068,49,Female,Bachelor,22,IT,Lead,4,9,8,no,Chennai,13.3,28,52,34.23
EMP11069,34,FEMALE,Bachelor,12,IT,Lead,1,1,23,No,Pune,11.7,16,56,29.8
EMP11070,57,Male,Diploma,31,Operations,Lead,3,6,14,Yes,Hyderabad,2.4,24,53,36.83
EMP11071,49,male,Diploma,28,Marketing,Junior,1,10,49,no,Mumbai,13.9,11,59,18.26
EMP11072,46,Male,Diploma,18,HR,Lead,5,8,10,Yes,Mumbai,4.9,1,55,27.43
EMP11073,33,male,PhD,7,HR,Senior,5,10,49,no,Mumbai,6.7,15,54,27.56
EMP11074,41,FEMALE,Diploma,17,Operations,Manager,5,0,0,no,Chennai,9.1,6,74,33.2
EMP11075,46,Male,PhD,21,Marketing,Junior,3,0,36,no,Pune,3.1,30,98,23.83
EMP11076,44,male,PhD,16,Marketing,Junior,1,0,24,YES,Delhi,9.6,10,91,24.17
EMP11077,23,Male,Master,2,IT,Lead,3,10,28,YES,Mumbai,14.5,9,66,23.12
EMP11078,37,Female,Master,,Finance,Junior,4,3,49,No,Hyderabad,12.5,25,,22.06
EMP11079,24,male,Diploma,3,Operations,Lead,2,4,45,no,Pune,6.6,1,,18.88
EMP11080,44,FEMALE,Diploma,16,Finance,Senior,1,5,11,No,Bangalore,8,25,77,24.6
EMP11081,35,Female,Bachelor,9,HR,Junior,3,10,21,no,Bangalore,3.2,26,80,18.4
EMP11082,52,male,PhD,24,Marketing,Junior,1,10,44,no,Mumbai,0.8,29,95,27.36
EMP11083,41,Male,PhD,19,IT,Junior,4,10,51,YES,Hyderabad,9.8,11,97,30.03
EMP11084,37,FEMALE,Diploma,12,IT,Lead,3,2,40,No,Pune,9.3,21,92,28.08
EMP11085,47,Female,Bachelor,22,IT,Junior,1,2,3,no,Mumbai,2.4,21,75,21.24
EMP11086,37,Female,Diploma,12,Marketing,Lead,2,5,54,No,Bangalore,13.1,24,77,26.48
EMP11087,21,male,Diploma,0,Operations,Mid,4,10,36,Yes,Bangalore,2.9,8,87,14.31
EMP11088,31,Male,PhD,6,HR,Manager,3,1,41,Yes,Delhi,9.5,11,91,37.02
EMP11089,33,Female,Diploma,12,Marketing,Lead,1,6,23,Yes,Delhi,7.9,20,62,24.52
EMP11090,,FEMALE,Bachelor,20,Sales,Lead,5,6,1,YES,Mumbai,10.3,11,80,33.86
EMP11091,53,male,Diploma,27,Marketing,Manager,3,0,6,No,Pune,9.7,29,97,41.66
EMP11092,48,Male,Diploma,23,HR,Manager,3,2,16,Yes,Hyderabad,13.4,6,92,40.48
EMP11093,29,male,Master,7,Finance,Mid,1,6,53,No,Pune,6.1,5,92,20.82
EMP11094,44,Female,PhD,17,Marketing,Mid,1,0,38,Yes,Bangalore,6.4,23,94,25.27
EMP11095,32,Male,PhD,11,IT,Mid,5,2,20,Yes,Chennai,10.3,11,52,21.28
EMP11096,25,male,Diploma,1,IT,Mid,2,4,51,no,Mumbai,7,4,64,12.29
EMP11097,37,male,PhD,13,HR,Mid,3,9,46,no,Pune,13.3,23,67,25.18
EMP11098,51,Male,PhD,28,HR,Mid,4,0,2,No,Delhi,7.8,19,,31.13
EMP11099,45,male,PhD,24,IT,Manager,4,9,25,YES,Mumbai,1.1,14,99,45.16
EMP11100,23,Female,PhD,0,Marketing,Junior,5,8,22,Yes,Pune,2.5,5,92,20.57
EMP11101,51,Female,Diploma,26,Sales,Manager,2,8,57,no,Delhi,4,24,60,36.4
EMP11102,39,Male,Bachelor,13,IT,Senior,1,5,13,No,Pune,9.2,27,63,27.38
EMP11103,36,Male,PhD,15,HR,Lead,5,5,48,Yes,Pune,12.5,19,87,34.98
EMP11104,,male,Master,0,HR,Senior,1,0,12,YES,Chennai,12.8,24,59,20.86
EMP11105,51,Male,PhD,26,IT,Junior,3,10,49,No,Mumbai,0.8,17,77,29.97
EMP11106,33,Male,Bachelor,12,Finance,Junior,2,0,55,Yes,Delhi,14.4,3,56,12.84
EMP11107,44,male,Bachelor,17,Marketing,Lead,5,6,29,no,Delhi,4.1,24,56,33.98
EMP11108,28,male,Bachelor,1,HR,Senior,4,3,33,No,Bangalore,14.6,25,54,18.65
EMP11109,58,Female,Diploma,36,Operations,Mid,2,9,0,no,Chennai,6.2,22,75,27.16
EMP11110,36,FEMALE,Bachelor,11,Finance,Junior,5,6,55,Yes,Delhi,1.7,23,67,18.15
EMP11111,,FEMALE,PhD,27,HR,Mid,2,0,41,No,Delhi,11.8,28,100,34.9
EMP11112,36,Female,PhD,8,HR,Senior,2,2,33,YES,Chennai,8.8,24,,28.6
EMP11113,33,Male,Master,11,Sales,Mid,5,2,24,Yes,Pune,3.4,11,82,22.85
EMP11114,59,FEMALE,Master,31,IT,Mid,4,7,41,no,Chennai,12.5,25,74,33.72
EMP11115,53,Female,Bachelor,31,HR,Senior,3,3,41,No,Hyderabad,11.2,29,55,29.01
EMP11116,24,FEMALE,Bachelor,0,Finance,Junior,4,2,22,No,Delhi,14.2,26,85,12.45
EMP11117,28,FEMALE,PhD,,Sales,Lead,5,8,32,No,Bangalore,8.1,4,71,34.43
EMP11118,55,Female,Bachelor,30,Finance,Senior,1,6,60,No,Delhi,13.4,24,,31.85
EMP11119,52,FEMALE,Diploma,31,IT,Lead,4,5,33,Yes,Bangalore,5.5,20,63,33.56
EMP11120,24,Male,PhD,1,Finance,Manager,4,10,15,no,Chennai,9.5,1,97,38.67
EMP11121,,Male,PhD,14,IT,Mid,1,8,8,no,Delhi,10.6,12,94,29.87
EMP11122,53,Female,Bachelor,32,Sales,Mid,4,5,40,Yes,Hyderabad,12.6,27,65,28.62
EMP11123,38,Female,Diploma,17,Operations,Lead,2,0,18,no,Hyderabad,12.2,8,52,27.64
EMP11124,,FEMALE,Diploma,17,Finance,Lead,2,4,30,No,Pune,13.6,18,88,28.04
EMP11125,36,Male,Master,9,Operations,Lead,1,6,13,Yes,Mumbai,4.7,16,74,29
EMP11126,36,male,PhD,12,Marketing,Senior,5,0,36,no,Bangalore,14.6,25,62,31.33
EMP11127,28,Female,Master,0,Marketing,Manager,5,8,2,Yes,Delhi,10.4,25,71,35.03
EMP11128,38,male,Master,16,Marketing,Junior,5,6,26,Yes,Mumbai,7.3,17,,22.98
EMP11129,23,Male,Diploma,0,Sales,Lead,3,6,38,YES,Chennai,4.9,13,72,23.38
EMP11130,33,Male,Master,5,Operations,Mid,1,1,54,No,Delhi,3.9,29,71,18.63
EMP11131,37,Male,Bachelor,,HR,Senior,4,0,8,no,Delhi,10.3,24,99,25.94
EMP11132,37,male,Bachelor,,Sales,Mid,4,4,12,no,Hyderabad,10.8,9,56,20.51
EMP11133,43,male,Master,15,IT,Junior,5,4,16,no,Hyderabad,4.7,6,74,19.55
EMP11134,33,FEMALE,PhD,8,Marketing,Manager,5,7,42,YES,Bangalore,14.8,4,75,40.78
EMP11135,30,Male,PhD,3,Sales,Manager,1,4,12,No,Mumbai,4,8,52,33.77
EMP11136,35,Female,PhD,7,IT,Junior,3,6,17,YES,Chennai,11.2,17,87,18.42
EMP11137,21,Male,Diploma,0,HR,Junior,2,8,30,No,Hyderabad,3.8,4,92,10.35
EMP11138,46,Male,PhD,18,HR,Mid,4,0,19,YES,Delhi,10.7,5,86,27.97
EMP11139,,male,PhD,11,HR,Manager,4,6,51,no,Chennai,5.1,22,53,38.66
EMP11140,29,Male,PhD,4,Sales,Junior,5,6,59,Yes,Pune,4.2,10,97,20.22
EMP11141,51,FEMALE,Bachelor,26,Operations,Manager,3,5,25,YES,Hyderabad,2.1,29,62,41.44
EMP11142,21,FEMALE,Master,0,Marketing,Lead,5,1,39,no,Mumbai,0.8,23,60,24.17
EMP11143,37,Female,Master,10,HR,Manager,3,10,59,YES,Hyderabad,7.9,4,60,35.74
EMP11144,41,Male,Bachelor,19,Sales,Lead,3,2,27,No,Hyderabad,8.7,24,,32.26
EMP11145,57,Female,Master,29,Finance,Senior,2,7,50,YES,Pune,7,9,51,32.86
EMP11146,22,Female,Bachelor,0,Operations,Mid,1,3,56,No,Mumbai,6.7,4,90,12.16
EMP11147,,Female,Bachelor,22,IT,Junior,1,9,60,no,Hyderabad,10,25,67,21.66
EMP11148,35,Male,Master,7,HR,Senior,5,6,42,YES,Pune,10.7,25,56,24.64
EMP11149,37,Female,Master,15,Sales,Mid,3,8,12,YES,Chennai,10.8,30,78,24.45
EMP11150,25,Female,Diploma,3,Finance,Junior,3,6,9,no,Chennai,5.1,7,95,13.29
EMP11151,55,male,Master,30,IT,Mid,5,9,1,YES,Mumbai,9.5,4,74,27.87
EMP11152,27,Female,PhD,1,Marketing,Senior,3,5,12,no,Mumbai,0.4,1,68,24.35
EMP11153,,Male,Master,29,Operations,Junior,2,2,26,No,Chennai,10.9,3,77,23.42
EMP11154,36,Female,Diploma,9,IT,Senior,5,8,41,no,Chennai,4.7,12,54,18.7
EMP11155,57,Female,Master,30,Sales,Junior,4,1,43,No,Bangalore,12.7,26,88,25.48
EMP11156,57,FEMALE,Master,34,IT,Mid,4,1,32,Yes,Bangalore,9.8,11,92,31.53
EMP11157,52,Male,PhD,30,Finance,Mid,1,1,38,YES,Hyderabad,10.7,22,84,34.25
EMP11158,45,male,PhD,17,Operations,Mid,4,1,30,no,Chennai,3.1,6,96,23.63
EMP11159,21,male,Master,,Sales,Junior,5,5,16,YES,Hyderabad,7.1,9,84,12.96
EMP11160,22,FEMALE,PhD,0,IT,Manager,5,2,53,no,Pune,7.4,7,94,35.11
EMP11161,56,FEMALE,PhD,35,HR,Senior,2,8,6,no,Mumbai,11.9,8,68,33.18
EMP11162,33,Female,Bachelor,5,Marketing,Manager,1,10,42,No,Bangalore,6.1,16,91,32.84
EMP11163,26,Male,Master,2,Marketing,Lead,4,9,49,no,Hyderabad,5.2,9,56,28.74
EMP11164,27,male,Diploma,6,Finance,Junior,3,0,1,no,Mumbai,13.1,29,99,45
EMP11165,42,Female,Bachelor,18,Finance,Manager,1,3,5,No,Mumbai,0.8,11,75,38.34
EMP11166,51,FEMALE,Bachelor,26,Sales,Lead,3,10,17,Yes,Delhi,4.7,16,97,37.9
EMP11167,47,FEMALE,Master,20,Sales,Manager,3,3,44,No,Chennai,7.4,28,88,41.94
EMP11168,35,male,Diploma,10,HR,Junior,4,2,41,no,Hyderabad,4.9,19,72,17.86
EMP11169,33,FEMALE,Diploma,6,Finance,Senior,4,0,50,No,Pune,4.6,16,74,19.98
EMP11170,31,Male,Diploma,8,Sales,Junior,1,6,0,YES,Chennai,9.1,9,78,14.53
EMP11171,46,FEMALE,PhD,19,Finance,Manager,5,10,28,Yes,Hyderabad,6.2,1,56,40.83
EMP11172,40,Male,Master,13,Operations,Manager,3,0,35,YES,Delhi,9.5,18,76,38.02
EMP11173,53,male,Bachelor,29,IT,Manager,4,4,22,no,Pune,9,24,64,41.79
EMP11174,33,male,Bachelor,8,HR,Senior,5,5,14,YES,Bangalore,7.1,23,97,24.19
EMP11175,30,male,PhD,4,IT,Senior,1,8,48,Yes,Hyderabad,2.2,24,93,28.34
EMP11176,,Female,Bachelor,0,IT,Mid,3,6,25,YES,Delhi,9,24,87,18.49
EMP11177,23,male,Master,0,Sales,Senior,2,6,29,Yes,Mumbai,3.7,30,56,17.44
EMP11178,59,male,Master,35,IT,Mid,5,4,54,YES,Pune,4.1,30,78,35.42
EMP11179,46,Male,PhD,23,Sales,Lead,2,4,26,No,Pune,1.3,21,79,38.71
EMP11180,29,Male,Bachelor,4,HR,Manager,1,9,12,no,Pune,10.6,5,78,32.19
EMP11181,55,Male,PhD,32,IT,Junior,3,7,31,no,Pune,6.6,10,62,29.75
EMP11182,28,Female,Master,3,Operations,Senior,1,5,20,no,Hyderabad,4.1,2,99,24.63
EMP11183,22,Male,Master,0,Operations,Mid,3,2,3,Yes,Hyderabad,4.4,18,69,14.2
EMP11184,31,Female,Bachelor,6,Operations,Mid,1,9,55,YES,Pune,8.5,24,97,21.56
EMP11185,40,FEMALE,Bachelor,15,HR,Mid,2,7,30,Yes,Bangalore,0.6,25,63,25.64
EMP11186,55,Male,Diploma,31,Finance,Junior,2,5,30,No,Chennai,4.1,12,70,21.14
EMP11187,30,Male,Diploma,3,Operations,Junior,3,3,9,no,Delhi,6.2,20,100,14.93
EMP11188,28,male,Diploma,1,IT,Senior,3,1,50,Yes,Bangalore,3.7,29,74,16.75
EMP11189,41,Female,Diploma,15,Marketing,Junior,3,1,23,No,Pune,12.8,10,76,14.48
EMP11190,57,male,Master,30,IT,Junior,3,0,7,YES,Pune,10.7,22,68,30.01
EMP11191,45,Female,Master,24,Marketing,Mid,4,0,50,Yes,Mumbai,5,4,54,30.32
EMP11192,43,Female,Diploma,19,IT,Manager,4,3,46,No,Delhi,2.5,5,90,34.21
EMP11193,22,Male,Master,0,Marketing,Mid,1,0,19,No,Bangalore,8.6,2,60,16.26
EMP11194,,Female,PhD,22,Operations,Senior,2,1,59,no,Delhi,8.8,15,91,32.29
EMP11195,49,FEMALE,Diploma,28,Sales,Mid,3,0,59,No,Chennai,3.2,4,,24.69
EMP11196,53,Male,Bachelor,26,IT,Lead,2,3,53,no,Hyderabad,12.9,16,78,37.45
EMP11197,26,male,Diploma,4,HR,Manager,3,7,28,YES,Chennai,13.7,10,50,29.39
EMP11198,32,Male,Diploma,6,Sales,Junior,1,7,42,no,Chennai,12,7,59,9.2
EMP11199,56,male,Master,34,Marketing,Lead,2,4,49,no,Mumbai,7.5,16,92,41.49
EMP11200,24,FEMALE,Bachelor,1,Finance,Manager,2,6,8,No,Hyderabad,3.6,16,74,29.19
EMP10001,59,Female,Diploma,35,Operations,Junior,5,10,7,No,Hyderabad,9,7,68,25.75
EMP10002,56,Male,Bachelor,28,Operations,Junior,7,5,52,no,Mumbai,14.5,12,79,22.39
EMP10003,58,Female,Diploma,36,IT,Junior,4,4,32,Yes,Pune,4.6,22,93,27.7
EMP10004,48,FEMALE,Bachelor,24,Finance,Manager,3,6,51,YES,Pune,8.9,3,86,39.47
EMP10005,27,male,Diploma,2,Operations,Mid,1,6,17,YES,Chennai,14.2,28,63,12.15
EMP10006,22,Male,Bachelor,0,Sales,Mid,4,6,43,no,Bangalore,7.4,15,84,17.61
EMP10007,34,male,Diploma,13,Sales,Senior,4,1,39,Yes,Delhi,11.3,30,55,22.78
EMP10008,49,Male,PhD,22,IT,Manager,2,9,43,YES,Chennai,14.1,30,85,43.93
EMP10009,34,Male,Master,7,HR,Manager,4,8,39,Yes,Mumbai,12.7,13,67,39.73
EMP10010,45,Male,Bachelor,21,IT,Senior,4,8,28,no,Pune,12,1,74,29.95
